職業,等級,物品(繁中),數量,物品(簡中)
刻木匠,1,楓木木拖鞋,1,枫木木拖鞋
刻木匠,2,楓木短弓,1,枫木短弓
刻木匠,3,獸骨漁槍,1,兽骨渔枪
刻木匠,4,楓木木鞋,1,枫木木鞋
刻木匠,5,業餘紡車,1,业余纺车
刻木匠,6,楓木牧杖,1,枫木牧杖
刻木匠,6,青銅長槍,1,青铜长枪
刻木匠,7,楓木長弓,1,枫木长弓
刻木匠,8,楓木手杖,1,枫木手杖
刻木匠,8,柳木釣竿,1,柳木钓竿
刻木匠,9,圓盾,1,圆盾
刻木匠,10,梣木石刃棒,1,梣木石刃棒
刻木匠,10,牡羊角漁槍,1,牡羊角渔枪
刻木匠,11,砂岩砂輪機,1,砂岩砂轮机
刻木匠,12,梣木紡車,1,梣木纺车
刻木匠,12,業餘釣竿,1,业余钓竿
刻木匠,13,犬牙漁槍,1,犬牙渔枪
刻木匠,13,梣木根杖,1,梣木根杖
刻木匠,14,梣木木鞋,1,梣木木鞋
刻木匠,14,梣木假面,1,梣木假面
刻木匠,15,梣木木鞋,1,梣木木鞋
刻木匠,15,梣木短弓,1,梣木短弓
刻木匠,15,梣木方盾,1,梣木方盾
刻木匠,16,榆木釣竿,1,榆木钓竿
刻木匠,17,黑鐵長槍,1,黑铁长枪
刻木匠,18,榆木牧杖,1,榆木牧杖
刻木匠,19,榆木長弓,1,榆木长弓
刻木匠,19,新來者紡車,1,新来者纺车
刻木匠,19,榆木手杖,1,榆木手杖
刻木匠,20,梣木假面（天青石）,1,梣木假面（天青石）
刻木匠,20,黑鐵騎槍,1,黑铁骑枪
刻木匠,20,新來者釣竿,1,新来者钓竿
刻木匠,21,高速榆木短弓,1,高速榆木短弓
刻木匠,21,紫杉根杖,1,紫杉根杖
刻木匠,22,泥岩砂輪機,1,泥岩砂轮机
刻木匠,22,黑鐵戰戈,1,黑铁战戈
刻木匠,23,榆木紡車,1,榆木纺车
刻木匠,24,革裝榆木長弓,1,革装榆木长弓
刻木匠,24,榆木木鞋,1,榆木木鞋
刻木匠,24,紫杉手杖,1,紫杉手杖
刻木匠,25,紫杉釣竿,1,紫杉钓竿
刻木匠,25,新來者砂輪機,1,新来者砂轮机
刻木匠,26,蛇紋圓盾,1,蛇纹圆盾
刻木匠,26,梣木複合弓,1,梣木复合弓
刻木匠,27,白銀戰叉,1,白银战叉
刻木匠,28,榆木石刃棒,1,榆木石刃棒
刻木匠,29,羚羊角釣竿,1,羚羊角钓竿
刻木匠,29,黑鐵戰戟,1,黑铁战戟
刻木匠,29,胡桃木牧杖,1,胡桃木牧杖
刻木匠,30,白鋼長槍,1,白钢长枪
刻木匠,30,黑羽手杖,1,黑羽手杖
刻木匠,31,梣木騎兵弓,1,梣木骑兵弓
刻木匠,32,胡桃釣竿,1,胡桃钓竿
刻木匠,33,胡桃紡車,1,胡桃纺车
刻木匠,33,胡桃木鞋,1,胡桃木鞋
刻木匠,34,粉岩砂輪機,1,粉岩砂轮机
刻木匠,34,胡桃石刃棒,1,胡桃石刃棒
刻木匠,35,橡木根杖,1,橡木根杖
刻木匠,35,白鋼重騎槍,1,白钢重骑枪
刻木匠,36,秘銀騎兵弓,1,秘银骑兵弓
刻木匠,36,蟹甲漁槍,1,蟹甲渔枪
刻木匠,37,銅鈴橡木牧杖,1,铜铃橡木牧杖
刻木匠,37,獸角釣竿,1,兽角钓竿
刻木匠,38,祕銀騎槍,1,秘银骑枪
刻木匠,39,橡木木鞋,1,橡木木鞋
刻木匠,40,橡木複合弓,1,橡木复合弓
刻木匠,40,紅木紡車,1,红木纺车
刻木匠,40,紅木釣竿,1,红木钓竿
刻木匠,41,白羽橡木石刃棒,1,白羽橡木石刃棒
刻木匠,42,萌芽紫檀根杖,1,萌芽紫檀根杖
刻木匠,43,寶石砂輪機,1,宝石砂轮机
刻木匠,43,紫檀釣竿,1,紫檀钓竿
刻木匠,44,鈷鐵戰戟,1,钴铁战戟
刻木匠,44,翡翠手杖,1,翡翠手杖
刻木匠,45,鷹紋圓盾,1,鹰纹圆盾
刻木匠,45,鈷鐵騎兵弓,1,钴铁骑兵弓
刻木匠,45,紫檀紡車,1,紫檀纺车
刻木匠,46,紫杉長弓,1,紫杉长弓
刻木匠,47,三尖槍,1,三尖枪
刻木匠,47,石蜥蜴砂輪機,1,石蜥蜴砂轮机
刻木匠,48,紅木木鞋,1,红木木鞋
刻木匠,48,鍍金紫檀釣竿,1,镀金紫檀钓竿
刻木匠,49,蟹甲戰弓,1,蟹甲战弓
刻木匠,50,雄鹿戰戈,1,雄鹿战戈
刻木匠,51,靈銀三尖槍,1,灵银三尖枪
刻木匠,51,雪松長弓,1,雪松长弓
刻木匠,51,雪松手杖,1,雪松手杖
刻木匠,52,靈銀角力棒,1,灵银角力棒
刻木匠,52,聖雪松複合弓,1,圣雪松复合弓
刻木匠,52,雪松釣竿,1,雪松钓竿
刻木匠,53,星極砂輪機,1,星极砂轮机
刻木匠,53,聖雪松紡車,1,圣雪松纺车
刻木匠,53,聖雪松腕環,1,圣雪松腕环
刻木匠,54,白鈦騎槍,1,白钛骑枪
刻木匠,54,暗栗木長弓,1,暗栗木长弓
刻木匠,54,聖雪松項鍊,1,圣雪松项链
刻木匠,55,暗栗木釣竿,1,暗栗木钓竿
刻木匠,56,祝聖栗木長弓,1,祝圣栗木长弓
刻木匠,56,祝聖栗木治癒假面,1,祝圣栗木治愈假面
刻木匠,56,暗栗木紡車,1,暗栗木纺车
刻木匠,57,祝聖栗木釣竿,1,祝圣栗木钓竿
刻木匠,57,祝聖栗木指環,1,祝圣栗木指环
刻木匠,58,精金長槍,1,精金长枪
刻木匠,58,樺木長弓,1,桦木长弓
刻木匠,58,樺木符杖,1,桦木符杖
刻木匠,59,龍鱗砂輪機,1,龙鳞砂轮机
刻木匠,59,樺木紡車,1,桦木纺车
刻木匠,59,祝聖栗木項鍊,1,祝圣栗木项链
刻木匠,60,樺木複合弓,1,桦木复合弓
刻木匠,60,樺木法杖,1,桦木法杖
刻木匠,60,樺木釣竿,1,桦木钓竿
刻木匠,61,硬鋼三尖槍,1,硬钢三尖枪
刻木匠,61,山毛櫸複合弓,1,山毛榉复合弓
刻木匠,61,姆德斯德角釣竿,1,姆德斯德角钓竿
刻木匠,62,落葉松幻杖,1,落叶松幻杖
刻木匠,62,硅巖砂輪機,1,硅岩砂轮机
刻木匠,62,落葉松紡車,1,落叶松纺车
刻木匠,63,落葉松耳墜,1,落叶松耳坠
刻木匠,63,落葉松項鍊,1,落叶松项链
刻木匠,63,落葉松戒指,1,落叶松戒指
刻木匠,64,卸鐵騎槍,1,卸铁骑枪
刻木匠,64,松木複合弓,1,松木复合弓
刻木匠,64,松木牧杖,1,松木牧杖
刻木匠,65,松木釣竿,1,松木钓竿
刻木匠,65,板岩砂輪機,1,板岩砂轮机
刻木匠,65,松木紡車,1,松木纺车
刻木匠,66,柿木長弓,1,柿木长弓
刻木匠,66,柿木牧杖,1,柿木牧杖
刻木匠,66,瞪羚角釣竿,1,瞪羚角钓竿
刻木匠,67,翠銀砂輪機,1,翠银砂轮机
刻木匠,67,柿木紡車,1,柿木纺车
刻木匠,67,柿木項鍊,1,柿木项链
刻木匠,68,鉬鋼三尖槍,1,钼钢三尖枪
刻木匠,68,櫸木長弓,1,榉木长弓
刻木匠,68,櫸木牧杖,1,榉木牧杖
刻木匠,69,櫸木耳墜,1,榉木耳坠
刻木匠,69,櫸木手鏈,1,榉木手链
刻木匠,69,櫸木戒指,1,榉木戒指
刻木匠,70,櫸木釣竿,1,榉木钓竿
刻木匠,70,貴榴石砂輪機,1,贵榴石砂轮机
刻木匠,70,櫸木紡車,1,榉木纺车
刻木匠,71,白橡木耳墜,1,白橡木耳坠
刻木匠,71,白橡木手鐲,1,白橡木手镯
刻木匠,71,白橡木指環,1,白橡木指环
刻木匠,72,仙果木長槍,1,仙果木长枪
刻木匠,72,仙果木長弓,1,仙果木长弓
刻木匠,73,仙果木牧杖,1,仙果木牧杖
刻木匠,73,仙果木長杖,1,仙果木长杖
刻木匠,74,靈青牧杖,1,灵青牧杖
刻木匠,74,白梣木釣竿,1,白梣木钓竿
刻木匠,74,白梣木紡車,1,白梣木纺车
刻木匠,75,白梣木禦敵耳墜,1,白梣木御敌耳坠
刻木匠,75,白梣木項鍊,1,白梣木项链
刻木匠,75,白梣木指環,1,白梣木指环
刻木匠,76,沙柚木刺槍,1,沙柚木刺枪
刻木匠,76,沙柚木長弓,1,沙柚木长弓
刻木匠,76,沙柚木牧杖,1,沙柚木牧杖
刻木匠,77,沙柚木釣竿,1,沙柚木钓竿
刻木匠,77,沙柚木砂輪機,1,沙柚木砂轮机
刻木匠,77,沙柚木紡車,1,沙柚木纺车
刻木匠,78,癒瘡木矮人刺槍,1,愈疮木矮人刺枪
刻木匠,78,癒瘡木矮人複合弓,1,愈疮木矮人复合弓
刻木匠,78,癒瘡木矮人玉杖,1,愈疮木矮人玉杖
刻木匠,79,癒瘡木項鍊,1,愈疮木项链
刻木匠,79,癒瘡木手鐲,1,愈疮木手镯
刻木匠,79,癒瘡木指環,1,愈疮木指环
刻木匠,80,癒瘡木釣竿,1,愈疮木钓竿
刻木匠,80,癒瘡木砂輪機,1,愈疮木砂轮机
刻木匠,80,癒瘡木紡車,1,愈疮木纺车
刻木匠,81,馬栗木牧杖,1,马栗木牧杖
刻木匠,81,馬栗木釣竿,1,马栗木钓竿
刻木匠,81,馬栗木笠,1,马栗木笠
刻木匠,82,棕櫚戰戟,1,棕榈战戟
刻木匠,82,棕櫚長弓,1,棕榈长弓
刻木匠,82,棕櫚精準耳夾,1,棕榈精准耳夹
刻木匠,83,棕櫚禦敵手環,1,棕榈御敌手环
刻木匠,83,棕櫚強攻手環,1,棕榈强攻手环
刻木匠,83,棕櫚詠咒手環,1,棕榈咏咒手环
刻木匠,84,紅松木長槍,1,红松木长枪
刻木匠,84,紅松木牧杖,1,红松木牧杖
刻木匠,85,紅松木釣竿,1,红松木钓竿
刻木匠,85,紅松木泥岩砂輪機,1,红松木泥岩砂轮机
刻木匠,85,紅松木紡車,1,红松木纺车
刻木匠,86,鐵木法杖,1,铁木法杖
刻木匠,86,鐵木精準項環,1,铁木精准项环
刻木匠,86,鐵木巧匠耳墜,1,铁木巧匠耳坠
刻木匠,87,鐵木釣竿,1,铁木钓竿
刻木匠,87,鐵木泥岩砂輪機,1,铁木泥岩砂轮机
刻木匠,87,鐵木紡車,1,铁木纺车
刻木匠,88,完滿木魔導長槍,1,完满木魔导长枪
刻木匠,88,完滿木魔導弓,1,完满木魔导弓
刻木匠,88,完滿木魔導牧杖,1,完满木魔导牧杖
刻木匠,89,完滿木巧匠耳墜,1,完满木巧匠耳坠
刻木匠,89,完滿木巧匠手鐲,1,完满木巧匠手镯
刻木匠,89,完滿木巧匠指環,1,完满木巧匠指环
刻木匠,90,完滿木釣竿,1,完满木钓竿
刻木匠,90,完滿木泥岩砂輪機,1,完满木泥岩砂轮机
刻木匠,90,完滿木紡車,1,完满木纺车
刻木匠,91,五加木強攻耳墜,1,五加木强攻耳坠
刻木匠,91,五加木釣竿,1,五加木钓竿
刻木匠,91,五加木指環,1,五加木指环
刻木匠,92,木棉木長弓,1,木棉木长弓
刻木匠,92,木棉木手杖,1,木棉木手杖
刻木匠,93,木棉木長槍,1,木棉木长枪
刻木匠,93,木棉木飛翼,1,木棉木飞翼
刻木匠,94,深紅木長弓,1,深红木长弓
刻木匠,94,深紅木砂輪機,1,深红木砂轮机
刻木匠,94,深紅木紡車,1,深红木纺车
刻木匠,95,深紅木長槍,1,深红木长枪
刻木匠,95,深紅木精準項鍊,1,深红木精准项链
刻木匠,95,深紅木治癒項鍊,1,深红木治愈项链
刻木匠,96,相思木戰叉,1,相思木战叉
刻木匠,96,相思木耳環,1,相思木耳环
刻木匠,96,相思木指環,1,相思木指环
刻木匠,97,相思木符杖,1,相思木符杖
刻木匠,97,相思木釣竿,1,相思木钓竿
刻木匠,97,相思木砂輪機,1,相思木砂轮机
刻木匠,98,克拉洛胡桃木長槍,1,克拉洛胡桃木长枪
刻木匠,98,克拉洛胡桃木牧杖,1,克拉洛胡桃木牧杖
刻木匠,99,克拉洛胡桃木砂輪機,1,克拉洛胡桃木砂轮机
刻木匠,99,克拉洛胡桃木紡車,1,克拉洛胡桃木纺车
刻木匠,99,克拉洛胡桃木大地手環,1,克拉洛胡桃木大地手环
刻木匠,100,克拉洛胡桃木釣竿,1,克拉洛胡桃木钓竿
刻木匠,100,克拉洛胡桃木巧匠涼鞋,1,克拉洛胡桃木巧匠凉鞋
刻木匠,100,克拉洛胡桃木大地涼鞋,1,克拉洛胡桃木大地凉鞋
鍛造師,1,青銅手斧,1,青铜手斧
鍛造師,2,青銅手半劍,1,青铜手半剑
鍛造師,2,業餘銼刀,1,业余锉刀
鍛造師,3,業餘手鉗,1,业余手钳
鍛造師,3,青銅戰斧,1,青铜战斧
鍛造師,4,業餘平斬,1,业余平斩
鍛造師,4,青銅手鋸,1,青铜手锯
鍛造師,5,業餘羊角錘,1,业余羊角锤
鍛造師,5,青銅橫頭錘,1,青铜横头锤
鍛造師,5,青銅鑄甲錘,1,青铜铸甲锤
鍛造師,6,業餘研缽,1,业余研钵
鍛造師,6,業餘廚刀,1,业余厨刀
鍛造師,7,青銅維京劍,1,青铜维京剑
鍛造師,7,青銅雕金錘,1,青铜雕金锤
鍛造師,7,青銅雙刃斧,1,青铜双刃斧
鍛造師,8,青銅鶴嘴鋤,1,青铜鹤嘴锄
鍛造師,8,青銅裁皮刀,1,青铜裁皮刀
鍛造師,9,陰雲戰斧,1,阴云战斧
鍛造師,9,青銅羊角錘,1,青铜羊角锤
鍛造師,10,青銅研缽,1,青铜研钵
鍛造師,10,青銅銼刀,1,青铜锉刀
鍛造師,10,業餘橫頭錘,1,业余横头锤
鍛造師,11,業餘鑄甲錘,1,业余铸甲锤
鍛造師,11,青銅平斬,1,青铜平斩
鍛造師,11,業餘裁皮刀,1,业余裁皮刀
鍛造師,12,青銅廚刀,1,青铜厨刀
鍛造師,12,青銅碎石錘,1,青铜碎石锤
鍛造師,12,業餘手斧,1,业余手斧
鍛造師,13,青銅指虎,1,青铜指虎
鍛造師,13,青銅騎兵劍,1,青铜骑兵剑
鍛造師,14,青銅刺柄雙刃斧,1,青铜刺柄双刃斧
鍛造師,14,黃銅裁皮刀,1,黄铜裁皮刀
鍛造師,15,青銅鳥嘴錘,1,青铜鸟嘴锤
鍛造師,15,青銅圓頭錘,1,青铜圆头锤
鍛造師,16,白羽鶴嘴鋤,1,白羽鹤嘴锄
鍛造師,16,黃銅手半劍,1,黄铜手半剑
鍛造師,16,黃銅指虎,1,黄铜指虎
鍛造師,17,黑鐵戰斧,1,黑铁战斧
鍛造師,17,黑鐵手斧,1,黑铁手斧
鍛造師,17,黑鐵雙刃斧,1,黑铁双刃斧
鍛造師,18,黑鐵鑄甲錘,1,黑铁铸甲锤
鍛造師,18,黑鐵雕金錘,1,黑铁雕金锤
鍛造師,18,黑鐵橫頭錘,1,黑铁横头锤
鍛造師,19,新來者手斧,1,新来者手斧
鍛造師,19,黑鐵平斬,1,黑铁平斩
鍛造師,19,新來者碎石錘,1,新来者碎石锤
鍛造師,20,黃銅維京劍,1,黄铜维京剑
鍛造師,20,新來者手鋸,1,新来者手锯
鍛造師,20,黑鐵鶴嘴鋤,1,黑铁鹤嘴锄
鍛造師,21,業火戰斧,1,业火战斧
鍛造師,21,黑鐵研缽,1,黑铁研钵
鍛造師,21,黑鐵鐮刀,1,黑铁镰刀
鍛造師,22,黑鐵銼刀,1,黑铁锉刀
鍛造師,22,黑鐵手鉗,1,黑铁手钳
鍛造師,22,黑鐵短劍,1,黑铁短剑
鍛造師,23,黑鐵碎石錘,1,黑铁碎石锤
鍛造師,23,新來者平斬,1,新来者平斩
鍛造師,23,鐵甲指虎,1,铁甲指虎
鍛造師,24,黃銅手斧,1,黄铜手斧
鍛造師,24,黑鐵鉤斧,1,黑铁钩斧
鍛造師,24,黑鐵雕紋手鋸,1,黑铁雕纹手锯
鍛造師,25,新來者鐮刀,1,新来者镰刀
鍛造師,25,新來者廚刀,1,新来者厨刀
鍛造師,25,黑鐵騎兵劍,1,黑铁骑兵剑
鍛造師,26,黑鐵裝飾錘,1,黑铁装饰锤
鍛造師,26,黑鐵圓頭錘,1,黑铁圆头锤
鍛造師,26,黑鐵鳥嘴錘,1,黑铁鸟嘴锤
鍛造師,27,新來者銼刀,1,新来者锉刀
鍛造師,27,黑鐵鶴嘴鎬,1,黑铁鹤嘴镐
鍛造師,27,新來者手鉗,1,新来者手钳
鍛造師,28,白鋼寬刃劍,1,白钢宽刃剑
鍛造師,28,黑鐵陸行鳥手鋸,1,黑铁陆行鸟手锯
鍛造師,28,白鋼刺柄雙刃斧,1,白钢刺柄双刃斧
鍛造師,29,黑鐵裁皮刀,1,黑铁裁皮刀
鍛造師,29,白鋼爪,1,白钢爪
鍛造師,29,黑鐵陸行鳥手斧,1,黑铁陆行鸟手斧
鍛造師,30,白鋼雕金錘,1,白钢雕金锤
鍛造師,30,白鋼鶴嘴鋤,1,白钢鹤嘴锄
鍛造師,30,白鋼碎石錘,1,白钢碎石锤
鍛造師,31,白鋼彎刃刀,1,白钢弯刃刀
鍛造師,31,白鋼平斬,1,白钢平斩
鍛造師,31,白鋼羊角錘,1,白钢羊角锤
鍛造師,32,白鋼研缽,1,白钢研钵
鍛造師,32,白鋼廚刀,1,白钢厨刀
鍛造師,32,白鋼巨斧,1,白钢巨斧
鍛造師,33,白鋼鐮刀,1,白钢镰刀
鍛造師,33,革柄白鋼碎石錘,1,革柄白钢碎石锤
鍛造師,33,白鋼鶴嘴鎬,1,白钢鹤嘴镐
鍛造師,34,白鋼銼刀,1,白钢锉刀
鍛造師,34,白鋼鑄甲錘,1,白钢铸甲锤
鍛造師,34,白鋼鳥嘴錘,1,白钢鸟嘴锤
鍛造師,35,白鋼手斧,1,白钢手斧
鍛造師,35,白鋼手鉗,1,白钢手钳
鍛造師,35,白鋼長刃斧,1,白钢长刃斧
鍛造師,36,革柄白鋼羊角錘,1,革柄白钢羊角锤
鍛造師,36,革柄白鋼平斬,1,革柄白钢平斩
鍛造師,37,白鋼長劍,1,白钢长剑
鍛造師,38,祕銀鶴嘴鋤,1,秘银鹤嘴锄
鍛造師,38,秘銀寬刃劍,1,秘银宽刃剑
鍛造師,38,秘銀手斧,1,秘银手斧
鍛造師,39,秘銀刺柄雙刃斧,1,秘银刺柄双刃斧
鍛造師,39,秘銀爪,1,秘银爪
鍛造師,39,秘銀裁皮刀,1,秘银裁皮刀
鍛造師,40,秘銀裝飾錘,1,秘银装饰锤
鍛造師,40,秘銀長刃斧,1,秘银长刃斧
鍛造師,40,秘銀平斬,1,秘银平斩
鍛造師,41,秘銀廚刀,1,秘银厨刀
鍛造師,41,秘銀研缽,1,秘银研钵
鍛造師,42,秘銀手鉗,1,秘银手钳
鍛造師,42,鈷鐵指虎,1,钴铁指虎
鍛造師,42,秘銀圓革刀,1,秘银圆革刀
鍛造師,43,鈷鐵賽施爾長刀,1,钴铁赛施尔长刀
鍛造師,43,鈷鐵手斧,1,钴铁手斧
鍛造師,43,鈷鐵鶴嘴鎬,1,钴铁鹤嘴镐
鍛造師,44,鈷鐵平斬,1,钴铁平斩
鍛造師,44,鈷鐵碎石錘,1,钴铁碎石锤
鍛造師,44,鈷鐵羊角錘,1,钴铁羊角锤
鍛造師,45,半月長刃斧,1,半月长刃斧
鍛造師,45,鈷鐵銼刀,1,钴铁锉刀
鍛造師,45,鈷鐵研缽,1,钴铁研钵
鍛造師,46,鈷鐵雕紋手鋸,1,钴铁雕纹手锯
鍛造師,46,綠金裁皮刀,1,绿金裁皮刀
鍛造師,46,綠金工藝錘,1,绿金工艺锤
鍛造師,47,鈷鐵圓頭錘,1,钴铁圆头锤
鍛造師,48,小鷹鶴嘴鎬,1,小鹰鹤嘴镐
鍛造師,48,獸角手斧,1,兽角手斧
鍛造師,49,鈷鐵翼劍,1,钴铁翼剑
鍛造師,49,鈷鐵爪,1,钴铁爪
鍛造師,50,鈷鐵刺柄雙刃斧,1,钴铁刺柄双刃斧
鍛造師,51,靈銀戰斧,1,灵银战斧
鍛造師,51,靈銀大劍,1,灵银大剑
鍛造師,51,靈銀明火槍,1,灵银明火枪
鍛造師,52,靈銀鍛鐵錘,1,灵银锻铁锤
鍛造師,52,靈銀圓革刀,1,灵银圆革刀
鍛造師,52,靈銀鶴嘴鋤,1,灵银鹤嘴锄
鍛造師,53,靈銀火舌,1,灵银火舌
鍛造師,53,靈銀拳鋒,1,灵银拳锋
鍛造師,53,靈銀刺刀,1,灵银刺刀
鍛造師,54,白鈦大斧,1,白钛大斧
鍛造師,54,白鈦大劍,1,白钛大剑
鍛造師,54,白鈦明火槍,1,白钛明火枪
鍛造師,55,硬銀手鋸,1,硬银手锯
鍛造師,55,硬銀雕金錘,1,硬银雕金锤
鍛造師,55,白鈦手斧,1,白钛手斧
鍛造師,56,白鈦手鉗,1,白钛手钳
鍛造師,56,白鈦平斬,1,白钛平斩
鍛造師,56,白鈦碎石錘,1,白钛碎石锤
鍛造師,57,白鈦巨劍,1,白钛巨剑
鍛造師,57,白鈦燧發槍,1,白钛燧发枪
鍛造師,57,硬銀圓革刀,1,硬银圆革刀
鍛造師,58,精金寬刃劍,1,精金宽刃剑
鍛造師,58,精金鉤斧,1,精金钩斧
鍛造師,58,精金匕首,1,精金匕首
鍛造師,59,精金研鉢,1,精金研钵
鍛造師,59,精金廚刀,1,精金厨刀
鍛造師,59,精金鐮刀,1,精金镰刀
鍛造師,60,精金指虎,1,精金指虎
鍛造師,60,精金巨劍,1,精金巨剑
鍛造師,60,精金鶴嘴鎬,1,精金鹤嘴镐
鍛造師,61,硬鋼重炮,1,硬钢重炮
鍛造師,61,硬鋼手鋸,1,硬钢手锯
鍛造師,61,硬鋼橫頭錘,1,硬钢横头锤
鍛造師,62,硬鋼手鉗,1,硬钢手钳
鍛造師,62,硬鋼研缽,1,硬钢研钵
鍛造師,62,硬鋼鐮刀,1,硬钢镰刀
鍛造師,63,硬鋼巨劍,1,硬钢巨剑
鍛造師,63,硬鋼燧發槍,1,硬钢燧发枪
鍛造師,63,硬鋼打刀,1,硬钢打刀
鍛造師,64,卸鐵長劍,1,卸铁长剑
鍛造師,64,卸鐵圓頭錘,1,卸铁圆头锤
鍛造師,64,卸鐵鶴嘴鋤,1,卸铁鹤嘴锄
鍛造師,65,卸鐵小刀,1,卸铁小刀
鍛造師,65,卸鐵羊角錘,1,卸铁羊角锤
鍛造師,65,卸鐵廚刀,1,卸铁厨刀
鍛造師,66,玉鋼戰斧,1,玉钢战斧
鍛造師,66,玉鋼圓革刀,1,玉钢圆革刀
鍛造師,66,玉鋼鶴嘴鋤,1,玉钢鹤嘴锄
鍛造師,67,玉鋼火槍,1,玉钢火枪
鍛造師,67,玉鋼銼刀,1,玉钢锉刀
鍛造師,67,玉鋼研缽,1,玉钢研钵
鍛造師,68,鉬鋼長劍,1,钼钢长剑
鍛造師,68,鉬鋼小刀,1,钼钢小刀
鍛造師,68,鉬鋼打刀,1,钼钢打刀
鍛造師,69,鉬鋼鍛鐵錘,1,钼钢锻铁锤
鍛造師,69,鈀金雕金錘,1,钯金雕金锤
鍛造師,69,鉬鋼手斧,1,钼钢手斧
鍛造師,70,鉬鋼手鉗,1,钼钢手钳
鍛造師,70,鉬鋼研缽,1,钼钢研钵
鍛造師,70,鉬鋼碎石錘,1,钼钢碎石锤
鍛造師,71,深金圓頭錘,1,深金圆头锤
鍛造師,71,深金羊角錘,1,深金羊角锤
鍛造師,71,深金銼刀,1,深金锉刀
鍛造師,72,深金小刀,1,深金小刀
鍛造師,72,深金短劍,1,深金短剑
鍛造師,72,深金打刀,1,深金打刀
鍛造師,73,深金明火槍,1,深金明火枪
鍛造師,73,深金刺刀,1,深金刺刀
鍛造師,73,深金圓月輪,1,深金圆月轮
鍛造師,74,靈青劍,1,灵青剑
鍛造師,74,靈青手炮,1,灵青手炮
鍛造師,74,靈青研缽,1,灵青研钵
鍛造師,75,靈青圓頭錘,1,灵青圆头锤
鍛造師,75,靈青鶴嘴鋤,1,灵青鹤嘴锄
鍛造師,75,靈青圓革刀,1,灵青圆革刀
鍛造師,76,鈦銅曲劍,1,钛铜曲剑
鍛造師,76,鈦銅打刀,1,钛铜打刀
鍛造師,76,鈦銅刺刀,1,钛铜刺刀
鍛造師,77,鈦銅碎石錘,1,钛铜碎石锤
鍛造師,77,鈦銅銼刀,1,钛铜锉刀
鍛造師,77,鈦銅製革刀,1,钛铜制革刀
鍛造師,78,矮人銀切割刃,1,矮人银切割刃
鍛造師,78,矮人銀天星盤,1,矮人银天星盘
鍛造師,78,矮人銀輪刃,1,矮人银轮刃
鍛造師,79,矮人銀羊角錘,1,矮人银羊角锤
鍛造師,79,矮人銀手鉗,1,矮人银手钳
鍛造師,79,矮人銀廚刀,1,矮人银厨刀
鍛造師,80,矮人銀工藝錘,1,矮人银工艺锤
鍛造師,80,矮人銀圓革刀,1,矮人银圆革刀
鍛造師,80,矮人銀鶴嘴鋤,1,矮人银鹤嘴锄
鍛造師,81,輝翠銀劍,1,辉翠银剑
鍛造師,81,輝翠銀橫頭錘,1,辉翠银横头锤
鍛造師,81,輝翠銀鶴嘴鋤,1,辉翠银鹤嘴锄
鍛造師,82,輝翠銀長刃斧,1,辉翠银长刃斧
鍛造師,82,輝翠銀打刀,1,辉翠银打刀
鍛造師,82,輝翠銀輪刃,1,辉翠银轮刃
鍛造師,83,輝翠銀鋼拳,1,辉翠银钢拳
鍛造師,83,輝翠銀火槍,1,辉翠银火枪
鍛造師,83,輝翠銀戰鐮,1,辉翠银战镰
鍛造師,84,鉍金弓,1,铋金弓
鍛造師,84,鉍金巨劍,1,铋金巨剑
鍛造師,84,鉍金槍刃,1,铋金枪刃
鍛造師,85,鉍金手鋸,1,铋金手锯
鍛造師,85,鉍金工藝錘,1,铋金工艺锤
鍛造師,85,鉍金廚刀,1,铋金厨刀
鍛造師,86,錳鋼劍,1,锰钢剑
鍛造師,86,錳鋼戰斧,1,锰钢战斧
鍛造師,86,錳鋼明火槍,1,锰钢明火枪
鍛造師,87,錳鋼圓頭錘,1,锰钢圆头锤
鍛造師,87,錳鋼圓革刀,1,锰钢圆革刀
鍛造師,87,錳鋼碎石錘,1,锰钢碎石锤
鍛造師,88,球粒隕石魔導虎爪,1,球粒陨石魔导虎爪
鍛造師,88,球粒隕石魔導武士刀,1,球粒陨石魔导武士刀
鍛造師,88,球粒隕石魔導戰鐮,1,球粒陨石魔导战镰
鍛造師,89,球粒隕石羊角錘,1,球粒陨石羊角锤
鍛造師,89,球粒隕石研缽,1,球粒陨石研钵
鍛造師,89,球粒隕石碎石錘,1,球粒陨石碎石锤
鍛造師,90,球粒隕石橫頭錘,1,球粒陨石横头锤
鍛造師,90,球粒隕石圓頭錘,1,球粒陨石圆头锤
鍛造師,90,球粒隕石手斧,1,球粒陨石手斧
鍛造師,91,奧闊鉻鐵曲劍,1,奥阔铬铁曲剑
鍛造師,91,奧闊鉻鐵斷頭劍,1,奥阔铬铁断头剑
鍛造師,91,奧闊鉻鐵園藝鐮,1,奥阔铬铁园艺镰
鍛造師,92,釕金旋棍,1,钌金旋棍
鍛造師,92,釕金巨劍,1,钌金巨剑
鍛造師,92,釕金火槍,1,钌金火枪
鍛造師,93,釕金彎刀,1,钌金弯刀
鍛造師,93,釕金武士刀,1,钌金武士刀
鍛造師,93,釕金槍刃,1,钌金枪刃
鍛造師,94,鈷鎢戰斧,1,钴钨战斧
鍛造師,94,鈷鎢手炮,1,钴钨手炮
鍛造師,94,鈷鎢鋸刃,1,钴钨锯刃
鍛造師,95,鈷鎢戰鐮,1,钴钨战镰
鍛造師,95,鈷鎢圓頭錘,1,钴钨圆头锤
鍛造師,95,鈷鎢鶴嘴鋤,1,钴钨鹤嘴锄
鍛造師,96,鈦金利爪,1,钛金利爪
鍛造師,96,鈦金戰輪,1,钛金战轮
鍛造師,96,鈦金雙軍刀,1,钛金双军刀
鍛造師,97,鈦金匕首,1,钛金匕首
鍛造師,97,鈦金平斬,1,钛金平斩
鍛造師,97,鈦金廚刀,1,钛金厨刀
鍛造師,98,卡扎納爾旋棍,1,卡扎纳尔旋棍
鍛造師,98,卡扎納爾複合弓,1,卡扎纳尔复合弓
鍛造師,98,卡扎納爾雷火炮,1,卡扎纳尔雷火炮
鍛造師,99,卡扎納爾槍刃,1,卡扎纳尔枪刃
鍛造師,99,卡扎納爾羊角錘,1,卡扎纳尔羊角锤
鍛造師,99,卡扎納爾研缽,1,卡扎纳尔研钵
鍛造師,100,卡扎納爾手鋸,1,卡扎纳尔手锯
鍛造師,100,卡扎納爾工藝錘,1,卡扎纳尔工艺锤
鍛造師,100,卡扎納爾手斧,1,卡扎纳尔手斧
甲冑師,1,青銅蒸餾器,1,青铜蒸馏器
甲冑師,4,青銅平底鍋,1,青铜平底锅
甲冑師,5,青銅重盾,1,青铜重盾
甲冑師,6,青銅鎖子鎧,1,青铜锁子铠
甲冑師,7,青銅鎖甲靴,1,青铜锁甲靴
甲冑師,8,青銅角盔,1,青铜角盔
甲冑師,8,青銅鎖甲頭罩,1,青铜锁甲头罩
甲冑師,9,業餘蒸餾器,1,业余蒸馏器
甲冑師,9,青銅連指手鎧,1,青铜连指手铠
甲冑師,10,紅銅開面盔,1,红铜开面盔
甲冑師,10,青銅步兵盾,1,青铜步兵盾
甲冑師,11,業餘平底鍋,1,业余平底锅
甲冑師,12,青銅頭盔,1,青铜头盔
甲冑師,12,青銅胸甲,1,青铜胸甲
甲冑師,13,青銅鎧靴,1,青铜铠靴
甲冑師,14,青銅手鎧,1,青铜手铠
甲冑師,15,青銅小圓盾,1,青铜小圆盾
甲冑師,15,黃銅蒸餾器,1,黄铜蒸馏器
甲冑師,15,黑鐵平底鍋,1,黑铁平底锅
甲冑師,16,強化連指手鎧,1,强化连指手铠
甲冑師,16,黃銅開面盔,1,黄铜开面盔
甲冑師,17,黑鐵重盾,1,黑铁重盾
甲冑師,18,新來者平底鍋,1,新来者平底锅
甲冑師,18,新來者蒸餾器,1,新来者蒸馏器
甲冑師,19,黑鐵角盔,1,黑铁角盔
甲冑師,19,黑鐵鎧靴,1,黑铁铠靴
甲冑師,20,黑鐵手鎧,1,黑铁手铠
甲冑師,20,黑鐵頭盔,1,黑铁头盔
甲冑師,20,黑鐵胸甲,1,黑铁胸甲
甲冑師,21,黑鐵臂甲,1,黑铁臂甲
甲冑師,21,黑鐵機關盾,1,黑铁机关盾
甲冑師,22,黑鐵長筒靴,1,黑铁长筒靴
甲冑師,22,黑鐵騎兵頭盔,1,黑铁骑兵头盔
甲冑師,23,黑鐵煎鍋,1,黑铁煎锅
甲冑師,23,黑鐵鱗鎧,1,黑铁鳞铠
甲冑師,23,黑鐵蒸餾器,1,黑铁蒸馏器
甲冑師,24,加固角盔,1,加固角盔
甲冑師,24,黑鐵步兵盾,1,黑铁步兵盾
甲冑師,25,黑鐵重足鎧,1,黑铁重足铠
甲冑師,25,黑鐵重手鎧,1,黑铁重手铠
甲冑師,25,黑鐵重甲,1,黑铁重甲
甲冑師,26,特製蒸餾器,1,特制蒸馏器
甲冑師,27,黑鐵鳶盾,1,黑铁鸢盾
甲冑師,27,爆彈煎鍋,1,爆弹煎锅
甲冑師,28,白鋼鏈甲,1,白钢链甲
甲冑師,29,白鋼角盔,1,白钢角盔
甲冑師,29,白鋼蒸餾器,1,白钢蒸馏器
甲冑師,29,白鋼平底鍋,1,白钢平底锅
甲冑師,30,白鋼手鎧,1,白钢手铠
甲冑師,30,白鋼鎧靴,1,白钢铠靴
甲冑師,30,白鋼頭盔,1,白钢头盔
甲冑師,31,白鋼臂甲,1,白钢臂甲
甲冑師,31,公牛重盾,1,公牛重盾
甲冑師,31,白鋼騎兵頭盔,1,白钢骑兵头盔
甲冑師,32,白鋼鱗指套,1,白钢鳞指套
甲冑師,32,白鋼鱗脛甲,1,白钢鳞胫甲
甲冑師,32,白鋼鱗鎧,1,白钢鳞铠
甲冑師,33,鑲銀小圓盾,1,镶银小圆盾
甲冑師,33,純白平底鍋,1,纯白平底锅
甲冑師,34,白銀蒸餾器,1,白银蒸馏器
甲冑師,34,白鋼重手鎧,1,白钢重手铠
甲冑師,34,白鋼重甲,1,白钢重甲
甲冑師,35,白鋼重足鎧,1,白钢重足铠
甲冑師,35,白鋼連指手鎧,1,白钢连指手铠
甲冑師,35,白鋼開面盔,1,白钢开面盔
甲冑師,36,白鋼煎鍋,1,白钢煎锅
甲冑師,37,雙劍機關盾,1,双剑机关盾
甲冑師,38,獸角鱗指套,1,兽角鳞指套
甲冑師,38,秘銀頭盔,1,秘银头盔
甲冑師,39,秘銀手鎧,1,秘银手铠
甲冑師,39,秘銀胸甲,1,秘银胸甲
甲冑師,39,秘銀鎧靴,1,秘银铠靴
甲冑師,40,獸骨鱗鎧,1,兽骨鳞铠
甲冑師,40,秘銀騎兵頭盔,1,秘银骑兵头盔
甲冑師,40,秘銀蒸餾器,1,秘银蒸馏器
甲冑師,41,秘銀長筒靴,1,秘银长筒靴
甲冑師,41,秘銀開面盔,1,秘银开面盔
甲冑師,41,秘銀臂甲,1,秘银臂甲
甲冑師,42,秘銀戰靴,1,秘银战靴
甲冑師,42,秘銀口罩,1,秘银口罩
甲冑師,42,秘銀鎖甲頭罩,1,秘银锁甲头罩
甲冑師,43,秘銀連指手鎧,1,秘银连指手铠
甲冑師,43,鈷鐵平底鍋,1,钴铁平底锅
甲冑師,43,秘銀重足鎧,1,秘银重足铠
甲冑師,44,加固騎兵頭盔,1,加固骑兵头盔
甲冑師,44,鈷鐵步兵盾,1,钴铁步兵盾
甲冑師,44,秘銀重甲,1,秘银重甲
甲冑師,45,鈷鐵長筒靴,1,钴铁长筒靴
甲冑師,45,龜甲鱗鎧,1,龟甲鳞铠
甲冑師,45,龜甲鱗指套,1,龟甲鳞指套
甲冑師,46,鈷鐵開面盔,1,钴铁开面盔
甲冑師,46,鈷鐵戰靴,1,钴铁战靴
甲冑師,47,地獄廚鍋,1,地狱厨锅
甲冑師,48,鈷鐵連指手鎧,1,钴铁连指手铠
甲冑師,49,鈷鐵口罩,1,钴铁口罩
甲冑師,49,鈷鐵角盔,1,钴铁角盔
甲冑師,49,鈷鐵雙劍機關盾,1,钴铁双剑机关盾
甲冑師,50,鈷鐵鎖子鎧,1,钴铁锁子铠
甲冑師,51,靈銀禦敵手鎧,1,灵银御敌手铠
甲冑師,51,靈銀制敵頭盔,1,灵银制敌头盔
甲冑師,51,靈銀制敵鎖子鎧,1,灵银制敌锁子铠
甲冑師,52,靈銀蒸餾器,1,灵银蒸馏器
甲冑師,52,仙人刺煎鍋,1,仙人刺煎锅
甲冑師,53,靈銀雙劍機關盾,1,灵银双剑机关盾
甲冑師,54,白鈦精準口罩,1,白钛精准口罩
甲冑師,54,白鈦制敵頭盔,1,白钛制敌头盔
甲冑師,54,硬銀蒸餾器,1,硬银蒸馏器
甲冑師,55,白鈦鳶盾,1,白钛鸢盾
甲冑師,55,白鈦禦敵戰鎧,1,白钛御敌战铠
甲冑師,55,白鈦制敵鎧靴,1,白钛制敌铠靴
甲冑師,56,白鈦禦敵頭盔,1,白钛御敌头盔
甲冑師,56,白鈦制敵臂甲,1,白钛制敌臂甲
甲冑師,56,白鈦游擊頭甲,1,白钛游击头甲
甲冑師,57,白鈦禦敵鎧靴,1,白钛御敌铠靴
甲冑師,57,白鈦強襲鏈甲,1,白钛强袭链甲
甲冑師,57,蔓德拉戰隊煎鍋,1,蔓德拉战队煎锅
甲冑師,58,精金禦敵手鎧,1,精金御敌手铠
甲冑師,58,精金制敵頭盔,1,精金制敌头盔
甲冑師,58,精金制敵鎧靴,1,精金制敌铠靴
甲冑師,59,精金步兵盾,1,精金步兵盾
甲冑師,59,精金禦敵重甲,1,精金御敌重甲
甲冑師,59,精金制敵鎖甲騎兵褲,1,精金制敌锁甲骑兵裤
甲冑師,60,重精金禦敵手鎧,1,重精金御敌手铠
甲冑師,60,精金制敵鍊甲,1,精金制敌链甲
甲冑師,60,皇金治癒鎖甲靴,1,皇金治愈锁甲靴
甲冑師,61,硬鋼禦敵頭盔,1,硬钢御敌头盔
甲冑師,61,硬鋼制敵護臂,1,硬钢制敌护臂
甲冑師,61,硬鋼煎鍋,1,硬钢煎锅
甲冑師,62,硬鋼步兵盾,1,硬钢步兵盾
甲冑師,62,硬鋼禦敵開面盔,1,硬钢御敌开面盔
甲冑師,62,硬鋼制敵開面盔,1,硬钢制敌开面盔
甲冑師,63,硬鋼禦敵鏈甲,1,硬钢御敌链甲
甲冑師,63,硬鋼禦敵手鎧,1,硬钢御敌手铠
甲冑師,63,硬鋼制敵鎖甲靴,1,硬钢制敌锁甲靴
甲冑師,64,卸鐵禦敵脛甲,1,卸铁御敌胫甲
甲冑師,64,卸鐵制敵手鎧,1,卸铁制敌手铠
甲冑師,64,卸鐵禦敵手鎧,1,卸铁御敌手铠
甲冑師,65,卸鐵鳶盾,1,卸铁鸢盾
甲冑師,65,猛虎革禦敵外套,1,猛虎革御敌外套
甲冑師,65,卸鐵蒸餾器,1,卸铁蒸馏器
甲冑師,66,玉鋼制敵手鎧,1,玉钢制敌手铠
甲冑師,66,玉鋼強襲脛甲,1,玉钢强袭胫甲
甲冑師,66,玉鋼游擊手鎧,1,玉钢游击手铠
甲冑師,67,玉鋼禦敵罩衣,1,玉钢御敌罩衣
甲冑師,67,玉鋼制敵戰盔,1,玉钢制敌战盔
甲冑師,67,玉鋼煎鍋,1,玉钢煎锅
甲冑師,68,鉬鋼禦敵頭甲,1,钼钢御敌头甲
甲冑師,68,鉬鋼制敵頭甲,1,钼钢制敌头甲
甲冑師,69,鉬鋼鳶盾,1,钼钢鸢盾
甲冑師,69,鉬鋼禦敵脛甲,1,钼钢御敌胫甲
甲冑師,69,鉬鋼游擊護臂,1,钼钢游击护臂
甲冑師,70,鉬鋼蒸餾器,1,钼钢蒸馏器
甲冑師,70,鉬鋼煎鍋,1,钼钢煎锅
甲冑師,71,深金禦敵手鎧,1,深金御敌手铠
甲冑師,71,深金蒸餾器,1,深金蒸馏器
甲冑師,71,深金游擊口罩,1,深金游击口罩
甲冑師,72,深金制敵鎖甲靴,1,深金制敌锁甲靴
甲冑師,72,深金制敵手鎧,1,深金制敌手铠
甲冑師,72,深金禦敵翼冠,1,深金御敌翼冠
甲冑師,73,深金堅盾,1,深金坚盾
甲冑師,73,深金禦敵輕甲,1,深金御敌轻甲
甲冑師,73,深金制敵戰甲,1,深金制敌战甲
甲冑師,74,靈青制敵手鎧,1,灵青制敌手铠
甲冑師,74,靈青詠咒頭甲,1,灵青咏咒头甲
甲冑師,74,靈青制敵鎧靴,1,灵青制敌铠靴
甲冑師,75,靈青塔盾,1,灵青塔盾
甲冑師,75,靈青禦敵胸甲,1,灵青御敌胸甲
甲冑師,75,靈青仙子豬平底鍋,1,灵青仙子猪平底锅
甲冑師,76,鈦銅游擊頭帶,1,钛铜游击头带
甲冑師,77,鈦銅蒸餾器,1,钛铜蒸馏器
甲冑師,77,鈦銅莫古力平底鍋,1,钛铜莫古力平底锅
甲冑師,77,鈦銅塔盾,1,钛铜塔盾
甲冑師,78,矮人銀禦敵短靴,1,矮人银御敌短靴
甲冑師,78,矮人銀制敵鏈甲,1,矮人银制敌链甲
甲冑師,78,矮人銀強襲頭盔,1,矮人银强袭头盔
甲冑師,79,矮人銀盾,1,矮人银盾
甲冑師,80,矮人銀蒸餾器,1,矮人银蒸馏器
甲冑師,80,矮人銀平底鍋,1,矮人银平底锅
甲冑師,81,輝翠銀盾,1,辉翠银盾
甲冑師,81,輝翠銀精準護臂,1,辉翠银精准护臂
甲冑師,81,輝翠銀蒸餾器,1,辉翠银蒸馏器
甲冑師,82,輝翠銀禦敵鎖甲靴,1,辉翠银御敌锁甲靴
甲冑師,82,輝翠銀制敵手鎧,1,辉翠银制敌手铠
甲冑師,82,輝翠銀制敵鎖甲靴,1,辉翠银制敌锁甲靴
甲冑師,83,輝翠銀鳶盾,1,辉翠银鸢盾
甲冑師,83,輝翠銀禦敵戰甲,1,辉翠银御敌战甲
甲冑師,83,輝翠銀制敵戰甲,1,辉翠银制敌战甲
甲冑師,84,鉍金治癒手環,1,铋金治愈手环
甲冑師,84,鉍金詠咒手環,1,铋金咏咒手环
甲冑師,84,鉍金精準指環,1,铋金精准指环
甲冑師,85,鉍金禦敵護目鏡,1,铋金御敌护目镜
甲冑師,85,鉍金制敵頭甲,1,铋金制敌头甲
甲冑師,85,鉍金貓小胖煎鍋,1,铋金猫小胖煎锅
甲冑師,86,錳鋼貝希摩斯王戰盔,1,锰钢贝希摩斯王战盔
甲冑師,86,錳鋼貝希摩斯女王手鎧,1,锰钢贝希摩斯女王手铠
甲冑師,86,錳鋼墮龍鬥鞋,1,锰钢堕龙斗鞋
甲冑師,87,錳鋼貝希摩斯王戰甲,1,锰钢贝希摩斯王战甲
甲冑師,87,錳鋼貝希摩斯女王戰甲,1,锰钢贝希摩斯女王战甲
甲冑師,87,錳鋼蒸餾器,1,锰钢蒸馏器
甲冑師,88,球粒隕石制敵手套,1,球粒陨石制敌手套
甲冑師,88,球粒隕石精準手套,1,球粒陨石精准手套
甲冑師,88,球粒隕石治癒手套,1,球粒陨石治愈手套
甲冑師,89,球粒隕石魔導盾,1,球粒陨石魔导盾
甲冑師,89,球粒隕石禦敵上裝,1,球粒陨石御敌上装
甲冑師,89,球粒隕石游擊鎖甲靴,1,球粒陨石游击锁甲靴
甲冑師,90,球粒隕石蒸餾器,1,球粒陨石蒸馏器
甲冑師,90,球粒隕石爆彈怪煎鍋,1,球粒陨石爆弹怪煎锅
甲冑師,91,奧闊鉻鐵塔盾,1,奥阔铬铁塔盾
甲冑師,91,奧闊鉻鐵蒸餾器,1,奥阔铬铁蒸馏器
甲冑師,91,奧闊鉻鐵平底鍋,1,奥阔铬铁平底锅
甲冑師,92,釕金鳶盾,1,钌金鸢盾
甲冑師,92,釕金禦敵臂甲,1,钌金御敌臂甲
甲冑師,92,釕金制敵臂甲,1,钌金制敌臂甲
甲冑師,93,釕金禦敵兜甲,1,钌金御敌兜甲
甲冑師,93,釕金制敵兜甲,1,钌金制敌兜甲
甲冑師,93,釕金制敵鎧靴,1,钌金制敌铠靴
甲冑師,94,鈷鎢鳶盾,1,钴钨鸢盾
甲冑師,95,鈷鎢禦敵坎肩,1,钴钨御敌坎肩
甲冑師,95,鈷鎢制敵坎肩,1,钴钨制敌坎肩
甲冑師,95,鈷鎢陸行鳥煎鍋,1,钴钨陆行鸟煎锅
甲冑師,96,鈦金盾,1,钛金盾
甲冑師,96,鈦金制敵釘刺手套,1,钛金制敌钉刺手套
甲冑師,96,鈦金強襲頭盔,1,钛金强袭头盔
甲冑師,97,鈦金禦敵護腿,1,钛金御敌护腿
甲冑師,97,鈦金制敵釘刺戰甲,1,钛金制敌钉刺战甲
甲冑師,97,鈦金游擊釘刺護甲,1,钛金游击钉刺护甲
甲冑師,98,卡扎納爾盾,1,卡扎纳尔盾
甲冑師,98,卡扎納爾禦敵手鎧,1,卡扎纳尔御敌手铠
甲冑師,98,卡扎納爾強襲護臂,1,卡扎纳尔强袭护臂
甲冑師,99,卡扎納爾制敵戰甲,1,卡扎纳尔制敌战甲
甲冑師,99,卡扎納爾強襲脛甲,1,卡扎纳尔强袭胫甲
甲冑師,99,卡扎納爾游擊脛甲,1,卡扎纳尔游击胫甲
甲冑師,100,卡扎納爾蒸餾器,1,卡扎纳尔蒸馏器
甲冑師,100,卡扎納爾魔石精平底鍋,1,卡扎纳尔魔石精平底锅
甲冑師,100,卡扎納爾大地指環,1,卡扎纳尔大地指环
金工,1,獸骨骨拳,1,兽骨骨拳
金工,3,獸骨咒角,1,兽骨咒角
金工,5,獸骨長杖,1,兽骨长杖
金工,5,紅銅手鏈,1,红铜手链
金工,5,紅銅衝鋒項環,1,红铜冲锋项环
金工,6,紅銅耳環,1,红铜耳环
金工,7,獸骨戒指,1,兽骨戒指
金工,7,紅銅戒指,1,红铜戒指
金工,8,紅銅縫針,1,红铜缝针
金工,8,獸骨項鍊,1,兽骨项链
金工,9,紅銅工藝項環,1,红铜工艺项环
金工,9,牡羊角長杖,1,牡羊角长杖
金工,10,獸骨腕環,1,兽骨腕环
金工,10,牡羊角爪,1,牡羊角爪
金工,10,紅銅咒杖,1,红铜咒杖
金工,11,紅銅耳夾,1,红铜耳夹
金工,12,青銅咒杖,1,青铜咒杖
金工,12,業餘縫針,1,业余缝针
金工,13,蟹甲獸骨長杖,1,蟹甲兽骨长杖
金工,14,黃銅眼鏡,1,黄铜眼镜
金工,14,黃銅咒錘,1,黄铜咒锤
金工,15,獸牙耳墜,1,兽牙耳坠
金工,15,黃銅手鏈,1,黄铜手链
金工,15,黃銅衝鋒項環,1,黄铜冲锋项环
金工,16,黃銅巧匠手鏈,1,黄铜巧匠手链
金工,16,蝠牙縫針,1,蝠牙缝针
金工,17,獸齒牡羊角長杖,1,兽齿牡羊角长杖
金工,17,獸牙項鍊,1,兽牙项链
金工,17,黃銅耳環,1,黄铜耳环
金工,18,黃銅頭冠（日長石）,1,黄铜头冠（日长石）
金工,18,黃銅頭冠（賽黃晶）,1,黄铜头冠（赛黄晶）
金工,18,黃銅頭冠（螢石）,1,黄铜头冠（萤石）
金工,19,黃銅頭冠（榍石）,1,黄铜头冠（榍石）
金工,19,黃銅頭冠（孔雀石）,1,黄铜头冠（孔雀石）
金工,19,黃銅頭冠（天青石）,1,黄铜头冠（天青石）
金工,20,黃銅咒杖,1,黄铜咒杖
金工,20,黃銅戒指,1,黄铜戒指
金工,20,黃銅巧匠戒指,1,黄铜巧匠戒指
金工,21,白珊瑚戒指,1,白珊瑚戒指
金工,21,黃銅工藝項環,1,黄铜工艺项环
金工,21,黃銅耳夾,1,黄铜耳夹
金工,22,黃銅縫針,1,黄铜缝针
金工,22,羚羊角長杖,1,羚羊角长杖
金工,23,風華咒角,1,风华咒角
金工,24,新來者縫針,1,新来者缝针
金工,24,獸角耳墜,1,兽角耳坠
金工,24,白銀眼鏡,1,白银眼镜
金工,25,白銀作業眼鏡,1,白银作业眼镜
金工,25,獸齒羚羊角長杖,1,兽齿羚羊角长杖
金工,25,冰華咒角,1,冰华咒角
金工,26,獸角項鍊,1,兽角项链
金工,26,白銀戒指,1,白银戒指
金工,26,白銀巧匠戒指,1,白银巧匠戒指
金工,27,日長石項環,1,日长石项环
金工,27,賽黃晶項環,1,赛黄晶项环
金工,27,日長石手鐲,1,日长石手镯
金工,28,螢石項環,1,萤石项环
金工,28,天青石項環,1,天青石项环
金工,28,螢石手鐲,1,萤石手镯
金工,29,榍石項環,1,榍石项环
金工,29,榍石手鐲,1,榍石手镯
金工,29,榍石戒指,1,榍石戒指
金工,30,孔雀石項環,1,孔雀石项环
金工,30,孔雀石手鐲,1,孔雀石手镯
金工,30,孔雀石戒指,1,孔雀石戒指
金工,31,白銀工藝項環,1,白银工艺项环
金工,31,獸角腕環,1,兽角腕环
金工,31,獸角戒指,1,兽角戒指
金工,32,蟲牙針,1,虫牙针
金工,33,白銀頭冠（海藍石）,1,白银头冠（海蓝石）
金工,33,白銀頭冠（紫水晶）,1,白银头冠（紫水晶）
金工,33,白銀頭冠（石榴石）,1,白银头冠（石榴石）
金工,34,土華咒角,1,土华咒角
金工,34,白鋼護目鏡,1,白钢护目镜
金工,34,蟹甲骨拳,1,蟹甲骨拳
金工,35,獸齒山羊角長杖,1,兽齿山羊角长杖
金工,35,狼牙耳墜,1,狼牙耳坠
金工,35,火華咒角,1,火华咒角
金工,36,狼牙項鍊,1,狼牙项链
金工,36,秘銀戒指,1,秘银戒指
金工,36,海藍石項環,1,海蓝石项环
金工,37,海藍石項環,1,海蓝石项环
金工,37,石榴石項環,1,石榴石项环
金工,37,橄欖石項環,1,橄榄石项环
金工,38,海藍石手鐲,1,海蓝石手镯
金工,38,透綠柱石手鐲,1,透绿柱石手镯
金工,38,白珍珠手鐲,1,白珍珠手镯
金工,39,海藍石耳墜,1,海蓝石耳坠
金工,39,紫水晶耳墜,1,紫水晶耳坠
金工,39,石榴石戒指,1,石榴石戒指
金工,40,金綠柱石耳墜,1,金绿柱石耳坠
金工,40,橄欖石戒指,1,橄榄石戒指
金工,40,紅珊瑚腕環,1,红珊瑚腕环
金工,41,獸角長杖,1,兽角长杖
金工,41,白珍珠戒指,1,白珍珠戒指
金工,41,秘銀耳夾,1,秘银耳夹
金工,42,秘銀頭冠（尖晶石）,1,秘银头冠（尖晶石）
金工,42,秘銀頭冠（紅電氣石）,1,秘银头冠（红电气石）
金工,42,龜甲骨拳,1,龟甲骨拳
金工,43,仙人針,1,仙人针
金工,43,水華咒角,1,水华咒角
金工,43,綠金耳環,1,绿金耳环
金工,44,綠金戒指,1,绿金戒指
金工,44,鈷鐵護目鏡,1,钴铁护目镜
金工,44,黑角長杖,1,黑角长杖
金工,45,紅珊瑚項鍊,1,红珊瑚项链
金工,45,綠金頭冠（尖晶石）,1,绿金头冠（尖晶石）
金工,45,綠金巧匠戒指,1,绿金巧匠戒指
金工,46,綠金頭冠（紅電氣石）,1,绿金头冠（红电气石）
金工,46,鋯石項環,1,锆石项环
金工,47,琥珀手鐲,1,琥珀手镯
金工,47,尖晶石手鐲,1,尖晶石手镯
金工,47,琥珀戒指,1,琥珀戒指
金工,48,碧璽項環,1,碧玺项环
金工,48,黑珍珠手鐲,1,黑珍珠手镯
金工,48,紅電氣石手鐲,1,红电气石手镯
金工,49,尖晶石戒指,1,尖晶石戒指
金工,49,綠金耳夾,1,绿金耳夹
金工,49,翡翠咒杖,1,翡翠咒杖
金工,50,白牙長杖,1,白牙长杖
金工,50,尖晶石耳墜,1,尖晶石耳坠
金工,50,碧璽耳墜,1,碧玺耳坠
金工,51,雪人長杖,1,雪人长杖
金工,51,靈銀精準手鐲,1,灵银精准手镯
金工,51,靈銀巧匠護目鏡,1,灵银巧匠护目镜
金工,52,靈銀禦敵手環,1,灵银御敌手环
金工,52,靈銀縫針,1,灵银缝针
金工,52,雪人利齒耳墜,1,雪人利齿耳坠
金工,53,黑曜石長玉杖,1,黑曜石长玉杖
金工,53,靈銀強攻項鍊,1,灵银强攻项链
金工,53,雪人利齒治癒戒指,1,雪人利齿治愈戒指
金工,54,硬銀長杖,1,硬银长杖
金工,54,煙晶禦敵戒指,1,烟晶御敌戒指
金工,54,硬銀縫針,1,硬银缝针
金工,55,白鈦天球儀,1,白钛天球仪
金工,55,硬銀強攻耳墜,1,硬银强攻耳坠
金工,55,硬銀精準手鐲,1,硬银精准手镯
金工,56,蛋白石治癒戒指,1,蛋白石治愈戒指
金工,56,蛋白石詠咒手鐲,1,蛋白石咏咒手镯
金工,56,龍牙耳墜,1,龙牙耳坠
金工,57,白鈦天星盤,1,白钛天星盘
金工,57,蛋白石禦敵項環,1,蛋白石御敌项环
金工,57,硬銀大地耳環,1,硬银大地耳环
金工,58,皇金精準手鐲,1,皇金精准手镯
金工,58,皇金治癒耳墜,1,皇金治愈耳坠
金工,58,哥布林釣鉤,1,哥布林钓钩
金工,59,皇金長玉杖,1,皇金长玉杖
金工,59,獅鷲利爪詠咒戒指,1,狮鹫利爪咏咒戒指
金工,59,黃水晶強攻項環,1,黄水晶强攻项环
金工,60,葉片釣鉤,1,叶片钓钩
金工,60,皇金治癒頭冠,1,皇金治愈头冠
金工,60,貴橄欖石治癒手鐲,1,贵橄榄石治愈手镯
金工,61,白銅天星盤,1,白铜天星盘
金工,61,鋰輝石禦敵項環,1,锂辉石御敌项环
金工,61,鋰輝石精準手鐲,1,锂辉石精准手镯
金工,62,白銅強攻手鐲,1,白铜强攻手镯
金工,62,姆德斯德角禦敵指環,1,姆德斯德角御敌指环
金工,62,姆德斯德角詠咒指環,1,姆德斯德角咏咒指环
金工,63,白銅玉杖,1,白铜玉杖
金工,63,白銅刺劍,1,白铜刺剑
金工,63,白銅精準耳墜,1,白铜精准耳坠
金工,64,星尖石強攻手鐲,1,星尖石强攻手镯
金工,64,星尖石精準手鐲,1,星尖石精准手镯
金工,64,星尖石治癒指環,1,星尖石治愈指环
金工,65,翠銀量天儀,1,翠银量天仪
金工,65,翠銀禦敵髮夾,1,翠银御敌发夹
金工,65,星尖石禦敵耳墜,1,星尖石御敌耳坠
金工,66,石青治癒手鐲,1,石青治愈手镯
金工,66,石青精準指環,1,石青精准指环
金工,66,瞪羚角縫針,1,瞪羚角缝针
金工,67,星尖石詠咒項環,1,星尖石咏咒项环
金工,67,翠銀法杖,1,翠银法杖
金工,67,翠銀花劍,1,翠银花剑
金工,68,鉬鋼治癒耳墜,1,钼钢治愈耳坠
金工,68,鈀金禦敵手環,1,钯金御敌手环
金工,68,鈀金強攻盔甲戒指,1,钯金强攻盔甲戒指
金工,69,鈀金法杖,1,钯金法杖
金工,69,鈀金穿甲劍,1,钯金穿甲剑
金工,69,琅玕詠咒腕環,1,琅玕咏咒腕环
金工,70,琅玕詠咒耳墜,1,琅玕咏咒耳坠
金工,70,琅玕精準項環,1,琅玕精准项环
金工,70,琅玕治癒項環,1,琅玕治愈项环
金工,71,島狼精準指環,1,岛狼精准指环
金工,71,島狼詠咒指環,1,岛狼咏咒指环
金工,71,島狼強攻指環,1,岛狼强攻指环
金工,72,硬水鋁石禦敵指環,1,硬水铝石御敌指环
金工,72,硬水鋁石治癒指環,1,硬水铝石治愈指环
金工,72,硬水鋁石詠咒指環,1,硬水铝石咏咒指环
金工,73,石金太陽儀,1,石金太阳仪
金工,73,石金刺劍,1,石金刺剑
金工,73,硬水鋁石精準手鐲,1,硬水铝石精准手镯
金工,74,靈青虎爪,1,灵青虎爪
金工,74,靈青天球儀,1,灵青天球仪
金工,74,靈青輪刃,1,灵青轮刃
金工,75,魔銀縫針,1,魔银缝针
金工,75,魔銀耳夾,1,魔银耳夹
金工,75,青金石禦敵指環,1,青金石御敌指环
金工,76,三重石治癒耳墜,1,三重石治愈耳坠
金工,76,鈦銅天球儀,1,钛铜天球仪
金工,76,鈦銅刺劍,1,钛铜刺剑
金工,77,鈦銅制敵頭甲,1,钛铜制敌头甲
金工,77,三重石詠咒項環,1,三重石咏咒项环
金工,77,鈦銅縫針,1,钛铜缝针
金工,78,矮人銀刺劍,1,矮人银刺剑
金工,78,透鋰長石強攻耳墜,1,透锂长石强攻耳坠
金工,78,透鋰長石精準指環,1,透锂长石精准指环
金工,79,透鋰長石禦敵項環,1,透锂长石御敌项环
金工,79,透鋰長石治癒手鐲,1,透锂长石治愈手镯
金工,79,透鋰長石詠咒手鐲,1,透锂长石咏咒手镯
金工,80,矮人銀縫針,1,矮人银缝针
金工,80,矮人銀耳夾,1,矮人银耳夹
金工,80,矮人銀手鐲,1,矮人银手镯
金工,81,輝翠銀天星盤,1,辉翠银天星盘
金工,81,輝翠銀強襲面罩,1,辉翠银强袭面罩
金工,81,紫黃晶治癒手環,1,紫黄晶治愈手环
金工,82,白鑞咒杖,1,白镴咒杖
金工,82,白鑞制敵頭冠,1,白镴制敌头冠
金工,82,白鑞詠咒指環,1,白镴咏咒指环
金工,83,白鑞禦敵項環,1,白镴御敌项环
金工,83,白鑞精準項環,1,白镴精准项环
金工,83,白鑞治癒項環,1,白镴治愈项环
金工,84,弗里金重刺劍,1,弗里金重刺剑
金工,84,弗里金飛翼,1,弗里金飞翼
金工,84,弗里金治癒項環,1,弗里金治愈项环
金工,85,弗里金禦敵耳夾,1,弗里金御敌耳夹
金工,85,弗里金精準耳夾,1,弗里金精准耳夹
金工,85,弗里金縫針,1,弗里金缝针
金工,86,錳鋼太陽儀,1,锰钢太阳仪
金工,86,藍鋯石禦敵手環,1,蓝锆石御敌手环
金工,86,藍鋯石精準指環,1,蓝锆石精准指环
金工,87,錳鋼最後的獨角獸之角,1,锰钢最后的独角兽之角
金工,87,藍鋯石強攻耳墜,1,蓝锆石强攻耳坠
金工,87,藍鋯石詠咒耳墜,1,蓝锆石咏咒耳坠
金工,88,球粒隕石魔導刺劍,1,球粒陨石魔导刺剑
金工,88,球粒隕石魔導飛翼,1,球粒陨石魔导飞翼
金工,88,星點石英禦敵指環,1,星点石英御敌指环
金工,89,星點石英強攻項環,1,星点石英强攻项环
金工,89,星點石英治癒項環,1,星点石英治愈项环
金工,89,星點石英詠咒腕帶,1,星点石英咏咒腕带
金工,90,球粒隕石縫針,1,球粒陨石缝针
金工,91,混金長弓,1,混金长弓
金工,91,混金縫針,1,混金缝针
金工,91,混金項環,1,混金项环
金工,92,河岸石禦敵頭冠,1,河岸石御敌头冠
金工,92,河岸石精準耳墜,1,河岸石精准耳坠
金工,92,河岸石禦敵手鐲,1,河岸石御敌手镯
金工,93,釕金匕首,1,钌金匕首
金工,93,河岸石禦敵項環,1,河岸石御敌项环
金工,93,河岸石強攻指環,1,河岸石强攻指环
金工,94,鈷鎢振空擺,1,钴钨振空摆
金工,94,粉綠柱石詠咒半指手套,1,粉绿柱石咏咒半指手套
金工,94,粉綠柱石治癒耳墜,1,粉绿柱石治愈耳坠
金工,95,鈷鎢天星盤,1,钴钨天星盘
金工,95,粉綠柱石治癒指環,1,粉绿柱石治愈指环
金工,95,粉綠柱石詠咒指環,1,粉绿柱石咏咒指环
金工,96,白黃金注射管,1,白黄金注射管
金工,96,白黃金治癒眼罩,1,白黄金治愈眼罩
金工,96,白黃金詠咒耳墜,1,白黄金咏咒耳坠
金工,97,白黃金量天儀,1,白黄金量天仪
金工,97,白黃金禦敵項環,1,白黄金御敌项环
金工,97,白黃金強攻指環,1,白黄金强攻指环
金工,98,卡扎納爾飛翼,1,卡扎纳尔飞翼
金工,98,黑星石治癒耳夾,1,黑星石治愈耳夹
金工,98,黑星石精準指環,1,黑星石精准指环
金工,99,卡扎納爾重刺劍,1,卡扎纳尔重刺剑
金工,99,黑星石強襲頭甲,1,黑星石强袭头甲
金工,99,黑星石游擊開面罩盔,1,黑星石游击开面罩盔
金工,100,黑星石巧匠圍巾,1,黑星石巧匠围巾
金工,100,黑星石巧匠手鐲,1,黑星石巧匠手镯
金工,100,黑星石大地耳墜,1,黑星石大地耳坠
皮革師,1,鞣革突騎帽,1,鞣革突骑帽
皮革師,2,鞣革鴨嘴靴,1,鞣革鸭嘴靴
皮革師,2,鞣革護腕,1,鞣革护腕
皮革師,3,鞣革大地鴨嘴靴,1,鞣革大地鸭嘴靴
皮革師,4,鞣革半指護手,1,鞣革半指护手
皮革師,4,鞣革眼罩,1,鞣革眼罩
皮革師,4,鞣革皮靴,1,鞣革皮靴
皮革師,5,鞣革及膝褲,1,鞣革及膝裤
皮革師,5,鞣革項環,1,鞣革项环
皮革師,5,鞣革尖頭靴,1,鞣革尖头靴
皮革師,6,鞣革連指輕手套,1,鞣革连指轻手套
皮革師,6,鞣革筒靴,1,鞣革筒靴
皮革師,6,鞣革連指手套,1,鞣革连指手套
皮革師,7,鞣革護拳,1,鞣革护拳
皮革師,7,鞣革手環,1,鞣革手环
皮革師,8,鞣革涼鞋,1,鞣革凉鞋
皮革師,8,硬革盔帽,1,硬革盔帽
皮革師,8,鞣革護腿,1,鞣革护腿
皮革師,9,業餘鴨嘴靴,1,业余鸭嘴靴
皮革師,9,業餘長靴,1,业余长靴
皮革師,9,業餘耐熱手套,1,业余耐热手套
皮革師,10,鞣革皮甲,1,鞣革皮甲
皮革師,10,硬革護腕,1,硬革护腕
皮革師,11,業餘頭甲,1,业余头甲
皮革師,11,硬革皮靴,1,硬革皮靴
皮革師,12,鞣革長筒靴,1,鞣革长筒靴
皮革師,12,硬革涼鞋,1,硬革凉鞋
皮革師,12,硬革格鬥服,1,硬革格斗服
皮革師,13,鞣革皮盾,1,鞣革皮盾
皮革師,13,硬革護臂,1,硬革护臂
皮革師,14,硬革三角褲,1,硬革三角裤
皮革師,14,硬革戰靴,1,硬革战靴
皮革師,14,硬革連指輕手套,1,硬革连指轻手套
皮革師,15,硬革半指護手,1,硬革半指护手
皮革師,15,硬革項環,1,硬革项环
皮革師,15,硬革筒靴,1,硬革筒靴
皮革師,16,硬革手箍,1,硬革手箍
皮革師,17,硬革小帽,1,硬革小帽
皮革師,17,硬革便鞋,1,硬革便鞋
皮革師,17,硬革大地手環,1,硬革大地手环
皮革師,18,山羊革護腕,1,山羊革护腕
皮革師,18,山羊革連指手套,1,山羊革连指手套
皮革師,18,硬革鋼拳,1,硬革钢拳
皮革師,19,山羊革護腿,1,山羊革护腿
皮革師,19,山羊革盔帽,1,山羊革盔帽
皮革師,20,山羊革戒指,1,山羊革戒指
皮革師,20,新來者手套,1,新来者手套
皮革師,21,內襯鞣革鴨嘴靴,1,内衬鞣革鸭嘴靴
皮革師,21,內襯鞣革大地鴨嘴靴,1,内衬鞣革大地鸭嘴靴
皮革師,21,新來者長靴,1,新来者长靴
皮革師,22,山羊革護臂,1,山羊革护臂
皮革師,22,新來者頭甲,1,新来者头甲
皮革師,22,山羊革襯褲,1,山羊革衬裤
皮革師,23,山羊革眼罩,1,山羊革眼罩
皮革師,23,山羊革腿甲靴,1,山羊革腿甲靴
皮革師,23,山羊革連指輕手套,1,山羊革连指轻手套
皮革師,24,山羊革鴨嘴靴,1,山羊革鸭嘴靴
皮革師,24,山羊革馬褲,1,山羊革马裤
皮革師,25,山羊革便鞋,1,山羊革便鞋
皮革師,25,山羊革半指護手,1,山羊革半指护手
皮革師,25,山羊革大地半指護手,1,山羊革大地半指护手
皮革師,26,山羊革項環,1,山羊革项环
皮革師,26,山羊革尖頭靴,1,山羊革尖头靴
皮革師,27,山羊革大地尖頭靴,1,山羊革大地尖头靴
皮革師,27,山羊革手箍,1,山羊革手箍
皮革師,27,山羊革筒靴,1,山羊革筒靴
皮革師,28,蟾蜍鋼拳,1,蟾蜍钢拳
皮革師,29,山羊革手環,1,山羊革手环
皮革師,29,山羊革皮盾,1,山羊革皮盾
皮革師,29,巨蟾蜍革襯褲,1,巨蟾蜍革衬裤
皮革師,30,巨蟾蜍革皮衣,1,巨蟾蜍革皮衣
皮革師,30,巨蟾蜍革護臂,1,巨蟾蜍革护臂
皮革師,30,巨蟾蜍革皮甲,1,巨蟾蜍革皮甲
皮革師,31,巨蟾蜍革工作靴,1,巨蟾蜍革工作靴
皮革師,31,巨蟾蜍革腿甲靴,1,巨蟾蜍革腿甲靴
皮革師,31,巨蟾蜍革及膝褲,1,巨蟾蜍革及膝裤
皮革師,32,巨蟾蜍戒指,1,巨蟾蜍戒指
皮革師,32,巨蟾蜍革馬褲,1,巨蟾蜍革马裤
皮革師,33,骷髏眼罩,1,骷髅眼罩
皮革師,33,野豬革半指護手,1,野猪革半指护手
皮革師,33,野豬護拳,1,野猪护拳
皮革師,34,野豬革項環,1,野猪革项环
皮革師,34,野豬革大地半指護手,1,野猪革大地半指护手
皮革師,35,巨蟾蜍革鴨嘴靴,1,巨蟾蜍革鸭嘴靴
皮革師,35,野豬革尖頭靴,1,野猪革尖头靴
皮革師,35,野豬革大地尖頭靴,1,野猪革大地尖头靴
皮革師,36,野豬革手箍,1,野猪革手箍
皮革師,36,野豬革手環,1,野猪革手环
皮革師,36,野豬革大地手環,1,野猪革大地手环
皮革師,37,野豬革三角褲,1,野猪革三角裤
皮革師,37,野豬革盔帽,1,野猪革盔帽
皮革師,37,改良型野豬革盔帽,1,改良型野猪革盔帽
皮革師,38,毒蜥蜴革尖頭靴,1,毒蜥蜴革尖头靴
皮革師,38,毒蜥蜴革半指護手,1,毒蜥蜴革半指护手
皮革師,38,野豬革馬褲,1,野猪革马裤
皮革師,39,野豬革長靴,1,野猪革长靴
皮革師,39,毒蜥蜴革格鬥服,1,毒蜥蜴革格斗服
皮革師,39,野豬革指環,1,野猪革指环
皮革師,40,野豬革耐熱手套,1,野猪革耐热手套
皮革師,40,野豬革鴨嘴靴,1,野猪革鸭嘴靴
皮革師,41,毒蜥蜴革三角褲,1,毒蜥蜴革三角裤
皮革師,41,野豬革及膝褲,1,野猪革及膝裤
皮革師,41,野豬革短裙,1,野猪革短裙
皮革師,42,野豬革工作靴,1,野猪革工作靴
皮革師,42,盜龍革皮盾,1,盗龙革皮盾
皮革師,43,野豬革皮衣,1,野猪革皮衣
皮革師,43,盜龍革項環,1,盗龙革项环
皮革師,43,野豬革風華手箍,1,野猪革风华手箍
皮革師,44,盜龍革大地半指護手,1,盗龙革大地半指护手
皮革師,44,盜龍革三角褲,1,盗龙革三角裤
皮革師,44,盜龍革耐熱手套,1,盗龙革耐热手套
皮革師,45,盜龍革盔帽,1,盗龙革盔帽
皮革師,45,盜龍革及膝褲,1,盗龙革及膝裤
皮革師,45,盜龍革工作靴,1,盗龙革工作靴
皮革師,46,盜龍革長靴,1,盗龙革长靴
皮革師,46,盜龍革襯褲,1,盗龙革衬裤
皮革師,47,狩獵靴,1,狩猎靴
皮革師,47,盜龍革皮衣,1,盗龙革皮衣
皮革師,48,盜龍革指環,1,盗龙革指环
皮革師,48,牛血皮盾,1,牛血皮盾
皮革師,49,盜龍革皮甲,1,盗龙革皮甲
皮革師,49,盜龍革長筒靴,1,盗龙革长筒靴
皮革師,50,盜龍革腿甲靴,1,盗龙革腿甲靴
皮革師,51,古鳥革制敵馬褲,1,古鸟革制敌马裤
皮革師,51,古鳥革游擊短靴,1,古鸟革游击短靴
皮革師,51,古鳥革巧匠手套,1,古鸟革巧匠手套
皮革師,52,古鳥革大地外套,1,古鸟革大地外套
皮革師,52,古鳥革巧匠馬褲,1,古鸟革巧匠马裤
皮革師,52,飛龍革詠咒手套,1,飞龙革咏咒手套
皮革師,53,飛龍革禦敵鬃盔,1,飞龙革御敌鬃盔
皮革師,53,飛龍革治癒長靴,1,飞龙革治愈长靴
皮革師,53,飛龍革手環,1,飞龙革手环
皮革師,54,長頸駝革游擊護臂,1,长颈驼革游击护臂
皮革師,54,飛龍革及膝褲,1,飞龙革及膝裤
皮革師,54,飛龍革皮衣,1,飞龙革皮衣
皮革師,55,長頸駝革強襲短衣,1,长颈驼革强袭短衣
皮革師,55,長頸駝革精準護腿,1,长颈驼革精准护腿
皮革師,55,長頸駝革半指手套,1,长颈驼革半指手套
皮革師,56,巨龍革精準手套,1,巨龙革精准手套
皮革師,56,巨龍革治癒手套,1,巨龙革治愈手套
皮革師,56,長頸駝革流蘇靴,1,长颈驼革流苏靴
皮革師,57,巨龍革禦敵馬褲,1,巨龙革御敌马裤
皮革師,57,巨龍革游擊馬褲,1,巨龙革游击马裤
皮革師,57,巨龍革詠咒長靴,1,巨龙革咏咒长靴
皮革師,58,安菲瑟龍革強襲護臂,1,安菲瑟龙革强袭护臂
皮革師,58,安菲瑟龍革詠咒寬邊帽,1,安菲瑟龙革咏咒宽边帽
皮革師,58,巨龍革項環,1,巨龙革项环
皮革師,59,安菲瑟龍革治癒高筒靴,1,安菲瑟龙革治愈高筒靴
皮革師,59,安菲瑟龍革強襲長靴,1,安菲瑟龙革强袭长靴
皮革師,59,安菲瑟龍革手套,1,安菲瑟龙革手套
皮革師,60,安菲瑟龍革游擊襯褲,1,安菲瑟龙革游击衬裤
皮革師,60,安菲瑟龍革詠咒高跟鞋,1,安菲瑟龙革咏咒高跟鞋
皮革師,60,安菲瑟龍革坎肩,1,安菲瑟龙革坎肩
皮革師,61,迦迦納怪鳥革禦敵騎兵褲,1,迦迦纳怪鸟革御敌骑兵裤
皮革師,61,迦迦納怪鳥革游擊涼鞋,1,迦迦纳怪鸟革游击凉鞋
皮革師,61,迦迦納怪鳥革半指手套,1,迦迦纳怪鸟革半指手套
皮革師,62,牛鬼革盔帽,1,牛鬼革盔帽
皮革師,62,牛鬼革禮服手套,1,牛鬼革礼服手套
皮革師,62,牛鬼革禦敵軟甲褲,1,牛鬼革御敌软甲裤
皮革師,63,牛鬼革游擊高筒靴,1,牛鬼革游击高筒靴
皮革師,63,牛鬼革短衣,1,牛鬼革短衣
皮革師,63,牛鬼革項環,1,牛鬼革项环
皮革師,64,猛虎革游擊護手,1,猛虎革游击护手
皮革師,64,猛虎革精準護手,1,猛虎革精准护手
皮革師,64,猛虎革詠咒護臂,1,猛虎革咏咒护臂
皮革師,65,猛虎革游擊寬邊帽,1,猛虎革游击宽边帽
皮革師,65,猛虎革治癒長筒靴,1,猛虎革治愈长筒靴
皮革師,65,猛虎革大地半指護手,1,猛虎革大地半指护手
皮革師,66,魔象革治癒法靴,1,魔象革治愈法靴
皮革師,66,魔象革強襲兜帽,1,魔象革强袭兜帽
皮革師,66,魔象革詠咒手套,1,魔象革咏咒手套
皮革師,67,魔象革禦敵馬褲,1,魔象革御敌马裤
皮革師,67,魔象革大地短外套,1,魔象革大地短外套
皮革師,67,魔象革耳墜,1,魔象革耳坠
皮革師,68,瞪羚革制敵露趾長靴,1,瞪羚革制敌露趾长靴
皮革師,68,瞪羚革強襲露趾長靴,1,瞪羚革强袭露趾长靴
皮革師,68,瞪羚革治癒手套,1,瞪羚革治愈手套
皮革師,69,瞪羚革禦敵外套,1,瞪羚革御敌外套
皮革師,69,瞪羚革強襲襯褲,1,瞪羚革强袭衬裤
皮革師,69,瞪羚革詠咒護臂,1,瞪羚革咏咒护臂
皮革師,70,瞪羚革巧匠手套,1,瞪羚革巧匠手套
皮革師,70,瞪羚革皮靴,1,瞪羚革皮靴
皮革師,70,瞪羚革指環,1,瞪羚革指环
皮革師,71,斯劍虎革制敵護腿,1,斯剑虎革制敌护腿
皮革師,71,斯劍虎革游擊手套,1,斯剑虎革游击手套
皮革師,71,斯劍虎革耳墜,1,斯剑虎革耳坠
皮革師,72,綠飄龍革強襲手套,1,绿飘龙革强袭手套
皮革師,72,綠飄龍革精準筒靴,1,绿飘龙革精准筒靴
皮革師,72,綠飄龍革游擊手套,1,绿飘龙革游击手套
皮革師,73,綠飄龍革禦敵高筒靴,1,绿飘龙革御敌高筒靴
皮革師,73,綠飄龍革制敵馬褲,1,绿飘龙革制敌马裤
皮革師,73,綠飄龍革治癒手套,1,绿飘龙革治愈手套
皮革師,74,野蠻盜龍革游擊腿甲靴,1,野蛮盗龙革游击腿甲靴
皮革師,74,野蠻盜龍革強攻手鐲,1,野蛮盗龙革强攻手镯
皮革師,74,野蠻盜龍革大地手套,1,野蛮盗龙革大地手套
皮革師,75,野蠻盜龍革精準護甲,1,野蛮盗龙革精准护甲
皮革師,75,野蠻盜龍革禦敵手鐲,1,野蛮盗龙革御敌手镯
皮革師,75,野蠻盜龍革禦敵馬褲,1,野蛮盗龙革御敌马裤
皮革師,76,纏尾蛟革強襲戰靴,1,缠尾蛟革强袭战靴
皮革師,76,纏尾蛟革治癒半指護手,1,缠尾蛟革治愈半指护手
皮革師,76,纏尾蛟革詠咒半指護手,1,缠尾蛟革咏咒半指护手
皮革師,77,纏尾蛟革禦敵外套,1,缠尾蛟革御敌外套
皮革師,77,纏尾蛟革制敵半指護手,1,缠尾蛟革制敌半指护手
皮革師,77,纏尾蛟革大地手套,1,缠尾蛟革大地手套
皮革師,78,海燕革制敵手套,1,海燕革制敌手套
皮革師,78,海燕革精準長袍,1,海燕革精准长袍
皮革師,78,海燕革強襲短靴,1,海燕革强袭短靴
皮革師,79,海燕革治癒手套,1,海燕革治愈手套
皮革師,79,海燕革詠咒短靴,1,海燕革咏咒短靴
皮革師,79,海燕革治癒長袍,1,海燕革治愈长袍
皮革師,80,海燕革半指手套,1,海燕革半指手套
皮革師,80,海燕革短靴,1,海燕革短靴
皮革師,80,海燕革長衣,1,海燕革长衣
皮革師,81,伽迦象革強襲坎肩,1,伽迦象革强袭坎肩
皮革師,81,伽迦象革游擊皮靴,1,伽迦象革游击皮靴
皮革師,81,伽迦象革詠咒頭冠,1,伽迦象革咏咒头冠
皮革師,82,山雞革強襲手套,1,山鸡革强袭手套
皮革師,82,山雞革精準高筒靴,1,山鸡革精准高筒靴
皮革師,82,山雞革治癒高筒靴,1,山鸡革治愈高筒靴
皮革師,83,山雞革禦敵騎兵褲,1,山鸡革御敌骑兵裤
皮革師,83,山雞革強襲短衣,1,山鸡革强袭短衣
皮革師,83,山雞革遊擊騎兵褲,1,山鸡革游击骑兵裤
皮革師,84,賽加羚羊革禦敵護臂,1,赛加羚羊革御敌护臂
皮革師,84,賽加羚羊革精準手套,1,赛加羚羊革精准手套
皮革師,84,賽加羚羊革治癒厚底鞋,1,赛加羚羊革治愈厚底鞋
皮革師,85,賽加羚羊革制敵長衣,1,赛加羚羊革制敌长衣
皮革師,85,賽加羚羊革巧匠手套,1,赛加羚羊革巧匠手套
皮革師,85,賽加羚羊革大地皮鞋,1,赛加羚羊革大地皮鞋
皮革師,86,金毗羅鱷革升龍皮甲,1,金毗罗鳄革升龙皮甲
皮革師,86,金毗羅鱷革白獅鷲手套,1,金毗罗鳄革白狮鹫手套
皮革師,86,金毗羅鱷革大地項鍊,1,金毗罗鳄革大地项链
皮革師,87,金毗羅鱷革巧匠手套,1,金毗罗鳄革巧匠手套
皮革師,87,金毗羅鱷革巧匠皮鞋,1,金毗罗鳄革巧匠皮鞋
皮革師,87,金毗羅鱷革大地手套,1,金毗罗鳄革大地手套
皮革師,88,蛇牛革制敵皮靴,1,蛇牛革制敌皮靴
皮革師,88,蛇牛革強襲長靴,1,蛇牛革强袭长靴
皮革師,88,蛇牛革精準長靴,1,蛇牛革精准长靴
皮革師,89,蛇牛革游擊上裝,1,蛇牛革游击上装
皮革師,89,蛇牛革詠咒上裝,1,蛇牛革咏咒上装
皮革師,89,蛇牛革大地耳墜,1,蛇牛革大地耳坠
皮革師,90,蛇牛革巧匠半指手套,1,蛇牛革巧匠半指手套
皮革師,90,蛇牛革大地半指手套,1,蛇牛革大地半指手套
皮革師,90,蛇牛革大地矮靴,1,蛇牛革大地矮靴
皮革師,91,銀狼革禦敵外套,1,银狼革御敌外套
皮革師,91,銀狼革制敵戰靴,1,银狼革制敌战靴
皮革師,91,銀狼革游擊半指護手,1,银狼革游击半指护手
皮革師,92,錘頭鱷革精準護臂,1,锤头鳄革精准护臂
皮革師,92,錘頭鱷革游擊半指護手,1,锤头鳄革游击半指护手
皮革師,92,錘頭鱷革治癒護臂,1,锤头鳄革治愈护臂
皮革師,93,錘頭鱷革精準長靴,1,锤头鳄革精准长靴
皮革師,93,錘頭鱷革游擊馬褲,1,锤头鳄革游击马裤
皮革師,93,錘頭鱷革治癒長靴,1,锤头鳄革治愈长靴
皮革師,94,獰豹革強襲涼鞋,1,狞豹革强袭凉鞋
皮革師,94,獰豹革精準頭帶,1,狞豹革精准头带
皮革師,94,獰豹革詠咒頭帶,1,狞豹革咏咒头带
皮革師,95,獰豹革禦敵高筒靴,1,狞豹革御敌高筒靴
皮革師,95,獰豹革巧匠工作靴,1,狞豹革巧匠工作靴
皮革師,95,獰豹革大地半指護手,1,狞豹革大地半指护手
皮革師,96,嵌齒象革詠咒筒靴,1,嵌齿象革咏咒筒靴
皮革師,96,嵌齒象革耳墜,1,嵌齿象革耳坠
皮革師,96,嵌齒象革手環,1,嵌齿象革手环
皮革師,97,嵌齒象革制敵軟甲褲,1,嵌齿象革制敌软甲裤
皮革師,97,嵌齒象革治癒釘刺坎肩,1,嵌齿象革治愈钉刺坎肩
皮革師,97,嵌齒象革巧匠半指手套,1,嵌齿象革巧匠半指手套
皮革師,98,卡岡圖亞革治癒皮靴,1,卡冈图亚革治愈皮靴
皮革師,98,卡岡圖亞革詠咒皮靴,1,卡冈图亚革咏咒皮靴
皮革師,99,卡岡圖亞革禦敵軟甲褲,1,卡冈图亚革御敌软甲裤
皮革師,99,卡岡圖亞革制敵軟甲褲,1,卡冈图亚革制敌软甲裤
皮革師,99,卡岡圖亞革強襲短衣,1,卡冈图亚革强袭短衣
皮革師,100,卡岡圖亞革巧匠半指手套,1,卡冈图亚革巧匠半指手套
皮革師,100,卡岡圖亞革大地工作帽,1,卡冈图亚革大地工作帽
皮革師,100,卡岡圖亞革大地半指護手,1,卡冈图亚革大地半指护手
裁縫師,1,草布內褲,1,草布内裤
裁縫師,2,草布熱褲,1,草布热裤
裁縫師,2,草布半指手套,1,草布半指手套
裁縫師,3,貼身背心,1,贴身背心
裁縫師,3,緊身小背心,1,紧身小背心
裁縫師,3,草布巧匠馬褲,1,草布巧匠马裤
裁縫師,4,草布無領襯衫,1,草布无领衬衫
裁縫師,4,草布牧羊褲,1,草布牧羊裤
裁縫師,4,草布馬褲,1,草布马裤
裁縫師,5,草布大地厚袍,1,草布大地厚袍
裁縫師,5,草布束腰衣,1,草布束腰衣
裁縫師,5,草布頭巾,1,草布头巾
裁縫師,6,草布短袖罩衣,1,草布短袖罩衣
裁縫師,6,草布短手套,1,草布短手套
裁縫師,6,草布束腰牧衣,1,草布束腰牧衣
裁縫師,7,草布工作手套,1,草布工作手套
裁縫師,7,草布短袍,1,草布短袍
裁縫師,8,草布束膝褲,1,草布束膝裤
裁縫師,8,草布棉甲,1,草布棉甲
裁縫師,8,草布腿套,1,草布腿套
裁縫師,9,草布打底褲,1,草布打底裤
裁縫師,9,業餘工作褲,1,业余工作裤
裁縫師,9,業餘無領襯衫,1,业余无领衬衫
裁縫師,10,業餘兜帽,1,业余兜帽
裁縫師,10,業餘馬褲,1,业余马裤
裁縫師,10,業餘厚袍,1,业余厚袍
裁縫師,11,草帽,1,草帽
裁縫師,11,草布弓術手套,1,草布弓术手套
裁縫師,11,草布禮服手套,1,草布礼服手套
裁縫師,12,馬僕草帽,1,马仆草帽
裁縫師,12,草布長袍,1,草布长袍
裁縫師,12,草布大地工作坎肩,1,草布大地工作坎肩
裁縫師,13,棉布包頭巾,1,棉布包头巾
裁縫師,13,馬倌草帽,1,马倌草帽
裁縫師,13,棉布條紋工作褲,1,棉布条纹工作裤
裁縫師,14,棉布襯衫,1,棉布衬衫
裁縫師,14,棉布垮褲,1,棉布垮裤
裁縫師,14,棉布緊身褲,1,棉布紧身裤
裁縫師,15,棉布半指手套,1,棉布半指手套
裁縫師,15,棉布圍巾,1,棉布围巾
裁縫師,15,棉布牧羊褲,1,棉布牧羊裤
裁縫師,16,內襯草布軟甲褲,1,内衬草布软甲裤
裁縫師,16,棉布束腰牧衣,1,棉布束腰牧衣
裁縫師,16,棉布短袖罩衣,1,棉布短袖罩衣
裁縫師,17,棉布軟甲褲,1,棉布软甲裤
裁縫師,17,棉布厚袍,1,棉布厚袍
裁縫師,17,棉布大地厚袍,1,棉布大地厚袍
裁縫師,18,棉布無領襯衫,1,棉布无领衬衫
裁縫師,18,新來者工作坎肩,1,新来者工作坎肩
裁縫師,19,棉布棉甲,1,棉布棉甲
裁縫師,19,棉布兜帽,1,棉布兜帽
裁縫師,19,棉布大地兜帽,1,棉布大地兜帽
裁縫師,20,新來者工作褲,1,新来者工作裤
裁縫師,20,內襯棉布軟甲褲,1,内衬棉布软甲裤
裁縫師,20,棉布工作手套,1,棉布工作手套
裁縫師,21,棉布禮服手套,1,棉布礼服手套
裁縫師,22,棉布短袍,1,棉布短袍
裁縫師,22,棉布束膝褲,1,棉布束膝裤
裁縫師,22,棉布禮鞋,1,棉布礼鞋
裁縫師,23,棉布大地工作坎肩,1,棉布大地工作坎肩
裁縫師,23,棉布巧匠工作坎肩,1,棉布巧匠工作坎肩
裁縫師,23,棉布圓錐帽,1,棉布圆锥帽
裁縫師,24,棉布腿套,1,棉布腿套
裁縫師,24,棉絨褲襪,1,棉绒裤袜
裁縫師,24,棉絨半指手套,1,棉绒半指手套
裁縫師,25,棉絨頭巾,1,棉绒头巾
裁縫師,25,棉絨垮褲,1,棉绒垮裤
裁縫師,25,棉絨大地垮褲,1,棉绒大地垮裤
裁縫師,26,棉絨包頭巾,1,棉绒包头巾
裁縫師,26,棉絨襯衫,1,棉绒衬衫
裁縫師,26,改良型棉絨頭巾,1,改良型棉绒头巾
裁縫師,27,棉絨巧匠無檐帽,1,棉绒巧匠无檐帽
裁縫師,27,棉絨緊身褲,1,棉绒紧身裤
裁縫師,27,棉絨僧袍,1,棉绒僧袍
裁縫師,28,棉絨大地短上衣,1,棉绒大地短上衣
裁縫師,28,棉絨大地無檐帽,1,棉绒大地无檐帽
裁縫師,28,棉絨軟甲褲,1,棉绒软甲裤
裁縫師,29,棉絨巧匠短上衣,1,棉绒巧匠短上衣
裁縫師,29,棉絨短手套,1,棉绒短手套
裁縫師,29,棉絨貝雷帽,1,棉绒贝雷帽
裁縫師,30,棉絨打底褲,1,棉绒打底裤
裁縫師,30,棉絨工作手套,1,棉绒工作手套
裁縫師,30,棉絨長外衣,1,棉绒长外衣
裁縫師,31,棉絨禮服手套,1,棉绒礼服手套
裁縫師,31,棉絨手套,1,棉绒手套
裁縫師,31,棉絨束膝褲,1,棉绒束膝裤
裁縫師,32,棉絨圓錐帽,1,棉绒圆锥帽
裁縫師,32,棉絨巧匠工作坎肩,1,棉绒巧匠工作坎肩
裁縫師,33,棉絨大地工作坎肩,1,棉绒大地工作坎肩
裁縫師,33,亞麻褲襪,1,亚麻裤袜
裁縫師,33,亞麻半指手套,1,亚麻半指手套
裁縫師,34,亞麻包頭巾,1,亚麻包头巾
裁縫師,34,亞麻襯衫,1,亚麻衬衫
裁縫師,34,亞麻垮褲,1,亚麻垮裤
裁縫師,35,亞麻緊身褲,1,亚麻紧身裤
裁縫師,35,亞麻長袍,1,亚麻长袍
裁縫師,35,亞麻寬邊帽,1,亚麻宽边帽
裁縫師,36,鮟鱇草帽,1,鮟鱇草帽
裁縫師,36,亞麻僧袍,1,亚麻僧袍
裁縫師,36,亞麻軟甲褲,1,亚麻软甲裤
裁縫師,37,亞麻巧匠無檐帽,1,亚麻巧匠无檐帽
裁縫師,37,亞麻高跟鞋,1,亚麻高跟鞋
裁縫師,37,亞麻打底褲,1,亚麻打底裤
裁縫師,38,亞麻大地無檐帽,1,亚麻大地无檐帽
裁縫師,38,亞麻巧匠短上衣,1,亚麻巧匠短上衣
裁縫師,38,亞麻短手套,1,亚麻短手套
裁縫師,39,呢絨兜帽,1,呢绒兜帽
裁縫師,39,呢絨包頭巾,1,呢绒包头巾
裁縫師,39,內襯亞麻軟甲褲,1,内衬亚麻软甲裤
裁縫師,40,呢絨大地兜帽,1,呢绒大地兜帽
裁縫師,40,呢絨垮褲,1,呢绒垮裤
裁縫師,40,呢絨寬邊帽,1,呢绒宽边帽
裁縫師,41,呢絨緊身褲,1,呢绒紧身裤
裁縫師,41,亞麻圍裙裝,1,亚麻围裙装
裁縫師,41,呢絨禮服手套,1,呢绒礼服手套
裁縫師,42,亞麻工作褲,1,亚麻工作裤
裁縫師,42,呢絨褲襪,1,呢绒裤袜
裁縫師,42,呢絨長外衣,1,呢绒长外衣
裁縫師,43,呢絨半指手套,1,呢绒半指手套
裁縫師,43,呢絨軟甲褲,1,呢绒软甲裤
裁縫師,43,纖維兜帽,1,纤维兜帽
裁縫師,44,呢絨圍裙裝,1,呢绒围裙装
裁縫師,44,纖維寬邊帽,1,纤维宽边帽
裁縫師,44,呢絨工作褲,1,呢绒工作裤
裁縫師,45,纖維褲襪,1,纤维裤袜
裁縫師,45,纖維狩獵帽,1,纤维狩猎帽
裁縫師,45,纖維腿套,1,纤维腿套
裁縫師,46,纖維貝雷帽,1,纤维贝雷帽
裁縫師,46,纖維工作手套,1,纤维工作手套
裁縫師,46,纖維禮鞋,1,纤维礼鞋
裁縫師,47,纖維束膝褲,1,纤维束膝裤
裁縫師,47,纖維騎士帽,1,纤维骑士帽
裁縫師,47,內襯呢絨軟甲褲,1,内衬呢绒软甲裤
裁縫師,48,纖維外袍,1,纤维外袍
裁縫師,48,纖維軟甲褲,1,纤维软甲裤
裁縫師,48,纖維禮服手套,1,纤维礼服手套
裁縫師,49,顯貴無檐帽,1,显贵无檐帽
裁縫師,49,顯貴手套,1,显贵手套
裁縫師,50,顯貴高跟鞋,1,显贵高跟鞋
裁縫師,50,顯貴短上衣,1,显贵短上衣
裁縫師,50,顯貴打底褲,1,显贵打底裤
裁縫師,51,虹布強襲裙褲,1,虹布强袭裙裤
裁縫師,51,虹布游擊兜帽,1,虹布游击兜帽
裁縫師,51,虹布詠咒長袍,1,虹布咏咒长袍
裁縫師,52,聖虹禦敵垮褲,1,圣虹御敌垮裤
裁縫師,52,聖虹精準狩獵帽,1,圣虹精准狩猎帽
裁縫師,52,聖虹治癒垮褲,1,圣虹治愈垮裤
裁縫師,53,聖虹制敵襯衫,1,圣虹制敌衬衫
裁縫師,53,聖虹強襲襯衫,1,圣虹强袭衬衫
裁縫師,53,聖虹布工作手套,1,圣虹布工作手套
裁縫師,54,青麻詠咒半手套,1,青麻咏咒半手套
裁縫師,54,禦敵青麻緞帶,1,御敌青麻缎带
裁縫師,54,聖虹布禮鞋,1,圣虹布礼鞋
裁縫師,55,青麻游擊軟甲褲,1,青麻游击软甲裤
裁縫師,55,青麻治癒長袍,1,青麻治愈长袍
裁縫師,55,青麻巧匠包頭巾,1,青麻巧匠包头巾
裁縫師,56,青麻短裙,1,青麻短裙
裁縫師,56,青麻巧匠工作坎肩,1,青麻巧匠工作坎肩
裁縫師,56,青麻大地軟甲褲,1,青麻大地软甲裤
裁縫師,57,祝聖青麻精準工作服,1,祝圣青麻精准工作服
裁縫師,57,祝聖青麻治癒束膝褲,1,祝圣青麻治愈束膝裤
裁縫師,57,祝聖青麻詠咒工作服,1,祝圣青麻咏咒工作服
裁縫師,58,奇美纖維強襲無檐帽,1,奇美纤维强袭无檐帽
裁縫師,58,奇美纖維治癒手套,1,奇美纤维治愈手套
裁縫師,58,奇美纖維治癒修道帽,1,奇美纤维治愈修道帽
裁縫師,59,奇美纖維精準鬥服,1,奇美纤维精准斗服
裁縫師,59,奇美纖維游擊騎兵褲,1,奇美纤维游击骑兵裤
裁縫師,59,奇美纖維治癒聖職衣,1,奇美纤维治愈圣职衣
裁縫師,60,奇美纖維強襲罩衣,1,奇美纤维强袭罩衣
裁縫師,60,奇美纖維詠咒魔術帽,1,奇美纤维咏咒魔术帽
裁縫師,60,奇美纖維短裙,1,奇美纤维短裙
裁縫師,61,赤麻治癒束胸,1,赤麻治愈束胸
裁縫師,61,赤麻巧匠包頭巾,1,赤麻巧匠包头巾
裁縫師,61,赤麻大地軟甲褲,1,赤麻大地软甲裤
裁縫師,62,紅玉棉布游擊頭巾,1,红玉棉布游击头巾
裁縫師,62,紅玉棉布詠咒半指護手,1,红玉棉布咏咒半指护手
裁縫師,62,紅玉棉布詠咒寬邊帽,1,红玉棉布咏咒宽边帽
裁縫師,63,紅玉棉布垮褲,1,红玉棉布垮裤
裁縫師,63,紅玉棉布長袍,1,红玉棉布长袍
裁縫師,63,紅玉棉布無檐帽,1,红玉棉布无檐帽
裁縫師,64,葛布制敵長裙,1,葛布制敌长裙
裁縫師,64,葛布治癒寬邊帽,1,葛布治愈宽边帽
裁縫師,64,葛布詠咒寬邊帽,1,葛布咏咒宽边帽
裁縫師,65,葛布強襲軟甲褲,1,葛布强袭软甲裤
裁縫師,65,葛布巧匠及膝褲,1,葛布巧匠及膝裤
裁縫師,65,葛布大地外套,1,葛布大地外套
裁縫師,66,嗶嘰精準狩獵帽,1,哔叽精准狩猎帽
裁縫師,66,嗶嘰治癒寬邊帽,1,哔叽治愈宽边帽
裁縫師,66,嗶嘰詠咒寬邊帽,1,哔叽咏咒宽边帽
裁縫師,67,嗶嘰精準緊身衣,1,哔叽精准紧身衣
裁縫師,67,嗶嘰詠咒騎兵褲,1,哔叽咏咒骑兵裤
裁縫師,67,嗶嘰大地包頭巾,1,哔叽大地包头巾
裁縫師,68,玉綢強襲兜帽,1,玉绸强袭兜帽
裁縫師,68,玉綢游擊包頭巾,1,玉绸游击包头巾
裁縫師,68,玉綢治癒兜帽,1,玉绸治愈兜帽
裁縫師,69,玉綢禦敵長褲,1,玉绸御敌长裤
裁縫師,69,玉綢精準長袍,1,玉绸精准长袍
裁縫師,69,玉綢精準長褲,1,玉绸精准长裤
裁縫師,70,玉綢七分褲,1,玉绸七分裤
裁縫師,70,嗶嘰斗篷,1,哔叽斗篷
裁縫師,70,嗶嘰工作手套,1,哔叽工作手套
裁縫師,71,白麻巧匠包頭巾,1,白麻巧匠包头巾
裁縫師,71,白麻巧匠打底褲,1,白麻巧匠打底裤
裁縫師,71,白麻大地包頭巾,1,白麻大地包头巾
裁縫師,72,虹繭制敵頭飾,1,虹茧制敌头饰
裁縫師,72,虹繭強襲圓頂帽,1,虹茧强袭圆顶帽
裁縫師,72,虹繭精準寬邊帽,1,虹茧精准宽边帽
裁縫師,73,虹繭精準打底褲,1,虹茧精准打底裤
裁縫師,73,虹繭治癒打底褲,1,虹茧治愈打底裤
裁縫師,73,虹繭詠咒打底褲,1,虹茧咏咒打底裤
裁縫師,74,仙子棉強襲袖套,1,仙子棉强袭袖套
裁縫師,74,仙子棉巧匠工作帽,1,仙子棉巧匠工作帽
裁縫師,74,仙子棉大地工作褲,1,仙子棉大地工作裤
裁縫師,75,仙子棉游擊襯褲,1,仙子棉游击衬裤
裁縫師,75,仙子棉治癒長袍,1,仙子棉治愈长袍
裁縫師,75,仙子棉強襲棉甲,1,仙子棉强袭棉甲
裁縫師,76,力山羊精準打底褲,1,力山羊精准打底裤
裁縫師,76,力山羊治癒短裙,1,力山羊治愈短裙
裁縫師,76,力山羊詠咒束腰衣,1,力山羊咏咒束腰衣
裁縫師,77,力山羊巧匠包頭巾,1,力山羊巧匠包头巾
裁縫師,77,力山羊巧匠束膝褲,1,力山羊巧匠束膝裤
裁縫師,77,力山羊制敵打底褲,1,力山羊制敌打底裤
裁縫師,78,矮人棉制敵束膝褲,1,矮人棉制敌束膝裤
裁縫師,78,矮人棉治癒束膝褲,1,矮人棉治愈束膝裤
裁縫師,78,矮人棉詠咒闊邊帽,1,矮人棉咏咒阔边帽
裁縫師,79,矮人棉精準包頭巾,1,矮人棉精准包头巾
裁縫師,79,矮人棉游擊束膝褲,1,矮人棉游击束膝裤
裁縫師,79,矮人棉精準束膝褲,1,矮人棉精准束膝裤
裁縫師,80,矮人棉貝雷帽,1,矮人棉贝雷帽
裁縫師,80,矮人棉外套,1,矮人棉外套
裁縫師,80,矮人棉軟甲褲,1,矮人棉软甲裤
裁縫師,81,黑麻游擊短裙,1,黑麻游击短裙
裁縫師,81,黑麻詠咒半指護手,1,黑麻咏咒半指护手
裁縫師,81,黑麻胴着,1,黑麻胴着
裁縫師,82,阿爾馬斯提強襲頭帶,1,阿尔马斯提强袭头带
裁縫師,82,阿爾馬斯提游擊頭帶,1,阿尔马斯提游击头带
裁縫師,82,阿爾馬斯提治癒無檐帽,1,阿尔马斯提治愈无檐帽
裁縫師,83,阿爾馬斯提精準外套,1,阿尔马斯提精准外套
裁縫師,83,阿爾馬斯提治癒手套,1,阿尔马斯提治愈手套
裁縫師,83,阿爾馬斯提詠咒外套,1,阿尔马斯提咏咒外套
裁縫師,84,雪亞麻遊擊無檐帽,1,雪亚麻游击无檐帽
裁縫師,84,雪亞麻治癒無檐帽,1,雪亚麻治愈无檐帽
裁縫師,84,雪亞麻詠咒垮褲,1,雪亚麻咏咒垮裤
裁縫師,85,雪亞麻布巧匠打底褲,1,雪亚麻布巧匠打底裤
裁縫師,85,雪亞麻布大地包頭巾,1,雪亚麻布大地包头巾
裁縫師,85,雪亞麻布大地外套,1,雪亚麻布大地外套
裁縫師,86,絳紅草布最後的獨角獸長袍,1,绛红草布最后的独角兽长袍
裁縫師,86,絳紅草布墮龍束膝褲,1,绛红草布堕龙束膝裤
裁縫師,86,絳紅草布黑獅鷲兜帽,1,绛红草布黑狮鹫兜帽
裁縫師,87,絳紅草布巧匠無檐帽,1,绛红草布巧匠无檐帽
裁縫師,87,絳紅草布巧匠打底褲,1,绛红草布巧匠打底裤
裁縫師,87,絳紅草布大地坎肩,1,绛红草布大地坎肩
裁縫師,88,迷彩絨遊擊軍帽,1,迷彩绒游击军帽
裁縫師,88,迷彩絨治癒軍帽,1,迷彩绒治愈军帽
裁縫師,88,迷彩絨詠咒禮帽,1,迷彩绒咏咒礼帽
裁縫師,89,迷彩絨制敵打底褲,1,迷彩绒制敌打底裤
裁縫師,89,迷彩絨強襲上裝,1,迷彩绒强袭上装
裁縫師,89,迷彩絨精準打底褲,1,迷彩绒精准打底裤
裁縫師,90,迷彩絨巧匠工作帽,1,迷彩绒巧匠工作帽
裁縫師,90,迷彩絨巧匠工作衫,1,迷彩绒巧匠工作衫
裁縫師,90,迷彩絨大地及膝褲,1,迷彩绒大地及膝裤
裁縫師,91,雪木棉禦敵打底褲,1,雪木棉御敌打底裤
裁縫師,91,雪木棉制敵打底褲,1,雪木棉制敌打底裤
裁縫師,91,雪木棉治癒束腰獵衣,1,雪木棉治愈束腰猎衣
裁縫師,92,高山亞麻精準纏頭巾,1,高山亚麻精准缠头巾
裁縫師,92,高山亞麻治癒寬邊帽,1,高山亚麻治愈宽边帽
裁縫師,92,高山亞麻詠咒寬邊帽,1,高山亚麻咏咒宽边帽
裁縫師,93,高山亞麻強襲上裝,1,高山亚麻强袭上装
裁縫師,93,高山亞麻精準長裙,1,高山亚麻精准长裙
裁縫師,93,高山亞麻詠咒長裙,1,高山亚麻咏咒长裙
裁縫師,94,薄絹游擊頭飾,1,薄绢游击头饰
裁縫師,94,薄絹巧匠工作帽,1,薄绢巧匠工作帽
裁縫師,94,薄絹大地狩獵帽,1,薄绢大地狩猎帽
裁縫師,95,薄絹禦敵腿套,1,薄绢御敌腿套
裁縫師,95,薄絹巧匠工作衫,1,薄绢巧匠工作衫
裁縫師,95,薄絹大地及膝褲,1,薄绢大地及膝裤
裁縫師,96,犎牛嗶嘰精準半指手套,1,犎牛哔叽精准半指手套
裁縫師,96,犎牛嗶嘰治癒半指手套,1,犎牛哔叽治愈半指手套
裁縫師,96,犎牛嗶嘰詠咒半指手套,1,犎牛哔叽咏咒半指手套
裁縫師,97,犎牛嗶嘰巧匠工作坎肩,1,犎牛哔叽巧匠工作坎肩
裁縫師,97,犎牛嗶嘰巧匠軟甲褲,1,犎牛哔叽巧匠软甲裤
裁縫師,97,犎牛嗶嘰大地工作帽,1,犎牛哔叽大地工作帽
裁縫師,98,落雷絹精準軟甲褲,1,落雷绢精准软甲裤
裁縫師,98,落雷絹游擊罩衣,1,落雷绢游击罩衣
裁縫師,98,落雷絹治癒手套,1,落雷绢治愈手套
裁縫師,99,落雷絹治癒長衣,1,落雷绢治愈长衣
裁縫師,99,落雷絹治癒軟甲褲,1,落雷绢治愈软甲裤
裁縫師,99,落雷絹詠咒軟甲褲,1,落雷绢咏咒软甲裤
裁縫師,100,落雷絹巧匠無檐帽,1,落雷绢巧匠无檐帽
裁縫師,100,落雷絹巧匠寬鬆七分褲,1,落雷绢巧匠宽松七分裤
裁縫師,100,落雷絹大地坎肩,1,落雷绢大地坎肩
煉金術師,1,楓木幻杖,1,枫木幻杖
煉金術師,5,鞣革魔導書,1,鞣革魔导书
煉金術師,5,解毒藥,3,解毒药
煉金術師,6,眼藥,3,眼药
煉金術師,8,低語楓木幻杖,1,低语枫木幻杖
煉金術師,8,楓木巫書,1,枫木巫书
煉金術師,10,雕花鞣革魔導書,1,雕花鞣革魔导书
煉金術師,11,綠葉楓木幻杖,1,绿叶枫木幻杖
煉金術師,12,恢復藥,3,恢复药
煉金術師,13,梣木巫書,1,梣木巫书
煉金術師,15,以太藥,3,以太药
煉金術師,16,硬革魔導書,1,硬革魔导书
煉金術師,16,梣木幻杖,1,梣木幻杖
煉金術師,16,智力之藥,3,智力之药
煉金術師,17,巧力之藥,3,巧力之药
煉金術師,18,耐力之藥,3,耐力之药
煉金術師,19,剛力之藥,3,刚力之药
煉金術師,20,雕花硬革魔導書,1,雕花硬革魔导书
煉金術師,20,意力之藥,3,意力之药
煉金術師,21,綠葉梣木幻杖,1,绿叶梣木幻杖
煉金術師,21,損血毒藥,3,损血毒药
煉金術師,21,失明毒藥,3,失明毒药
煉金術師,22,紫杉巫書,1,紫杉巫书
煉金術師,22,山彥草藥,3,山彦草药
煉金術師,22,沉默毒藥,3,沉默毒药
煉金術師,24,山羊革魔導書,1,山羊革魔导书
煉金術師,25,高級恢復藥,3,高级恢复药
煉金術師,27,低語梣木幻杖,1,低语梣木幻杖
煉金術師,28,紫杉幻杖,1,紫杉幻杖
煉金術師,29,雕花山羊革魔導書,1,雕花山羊革魔导书
煉金術師,30,律動藥,3,律动药
煉金術師,31,意力之妙藥,3,意力之妙药
煉金術師,31,巧力之妙藥,3,巧力之妙药
煉金術師,32,耐力之妙藥,3,耐力之妙药
煉金術師,32,智力之妙藥,3,智力之妙药
煉金術師,33,剛力之妙藥,3,刚力之妙药
煉金術師,34,綠葉紫杉幻杖,1,绿叶紫杉幻杖
煉金術師,34,白銀之書,1,白银之书
煉金術師,35,高級以太藥,3,高级以太药
煉金術師,35,損血猛毒藥,3,损血猛毒药
煉金術師,35,麻痹猛毒藥,3,麻痹猛毒药
煉金術師,36,失明猛毒藥,3,失明猛毒药
煉金術師,36,睡眠猛毒藥,3,睡眠猛毒药
煉金術師,36,沉默猛毒藥,3,沉默猛毒药
煉金術師,37,雕花白銀之書,1,雕花白银之书
煉金術師,38,綠葉橡木幻杖,1,绿叶橡木幻杖
煉金術師,39,土華幻杖,1,土华幻杖
煉金術師,39,冰華幻杖,1,冰华幻杖
煉金術師,39,水華幻杖,1,水华幻杖
煉金術師,40,甦醒藥,3,苏醒药
煉金術師,42,秘銀之書,1,秘银之书
煉金術師,43,超級恢復藥,3,超级恢复药
煉金術師,44,意力之秘藥,3,意力之秘药
煉金術師,45,風華幻杖,1,风华幻杖
煉金術師,45,剛力之秘藥,3,刚力之秘药
煉金術師,45,智力之秘藥,3,智力之秘药
煉金術師,46,耐力之秘藥,3,耐力之秘药
煉金術師,46,巧力之秘藥,3,巧力之秘药
煉金術師,46,金針,3,金针
煉金術師,47,損血劇毒藥,3,损血剧毒药
煉金術師,47,麻痹劇毒藥,3,麻痹剧毒药
煉金術師,48,睡眠劇毒藥,3,睡眠剧毒药
煉金術師,48,雕花綠金之書,1,雕花绿金之书
煉金術師,48,綠葉紫檀幻杖,1,绿叶紫檀幻杖
煉金術師,49,失明劇毒藥,3,失明剧毒药
煉金術師,50,樹靈神,1,树灵神
煉金術師,51,古鳥革魔導書,1,古鸟革魔导书
煉金術師,51,古鳥革魔導典,1,古鸟革魔导典
煉金術師,52,飛龍革魔導書,1,飞龙革魔导书
煉金術師,52,飛龍革魔導典,1,飞龙革魔导典
煉金術師,52,聖雪松幻杖,1,圣雪松幻杖
煉金術師,53,1級剛力鍊金溶劑,3,1级刚力炼金溶剂
煉金術師,53,1級巧力鍊金溶劑,3,1级巧力炼金溶剂
煉金術師,54,1級耐力鍊金溶劑,3,1级耐力炼金溶剂
煉金術師,54,1級意力鍊金溶劑,3,1级意力炼金溶剂
煉金術師,55,長頸駝革魔導書,1,长颈驼革魔导书
煉金術師,55,長頸駝革魔導典,1,长颈驼革魔导典
煉金術師,56,巨龍革魔導書,1,巨龙革魔导书
煉金術師,56,巨龍革魔導典,1,巨龙革魔导典
煉金術師,57,祝聖栗木幻杖,1,祝圣栗木幻杖
煉金術師,58,皇金之書,1,皇金之书
煉金術師,58,皇金巫書,1,皇金巫书
煉金術師,58,巧力之龍藥,3,巧力之龙药
煉金術師,59,耐力之龍藥,3,耐力之龙药
煉金術師,59,智力之龍藥,3,智力之龙药
煉金術師,59,意力之龍藥,3,意力之龙药
煉金術師,60,貴族之典,1,贵族之典
煉金術師,61,白銅魔導書,1,白铜魔导书
煉金術師,61,白銅魔導典,1,白铜魔导典
煉金術師,62,牛鬼革魔導書,1,牛鬼革魔导书
煉金術師,62,牛鬼革魔導典,1,牛鬼革魔导典
煉金術師,62,強精煉藥,3,强精炼药
煉金術師,63,1級巧力之靈水,3,1级巧力之灵水
煉金術師,63,1級耐力之靈水,3,1级耐力之灵水
煉金術師,63,1級意力之靈水,3,1级意力之灵水
煉金術師,64,名匠藥茶,3,名匠药茶
煉金術師,64,甲膠,1,甲胶
煉金術師,65,猛虎革魔導書,1,猛虎革魔导书
煉金術師,65,猛虎革魔導典,1,猛虎革魔导典
煉金術師,65,巨匠藥茶,3,巨匠药茶
煉金術師,66,植物成長劑8型,1,植物成长剂8型
煉金術師,67,魔象革魔導書,1,魔象革魔导书
煉金術師,67,魔象革魔導典,1,魔象革魔导典
煉金術師,67,魔匠藥茶,3,魔匠药茶
煉金術師,68,瞪羚革魔導書,1,瞪羚革魔导书
煉金術師,68,瞪羚革魔導典,1,瞪羚革魔导典
煉金術師,69,耐力之藥湯,3,耐力之药汤
煉金術師,69,意力之藥湯,3,意力之药汤
煉金術師,70,剛力之藥湯,3,刚力之药汤
煉金術師,70,巧力之藥湯,3,巧力之药汤
煉金術師,70,智力之藥湯,3,智力之药汤
煉金術師,71,植物成長劑9型,1,植物成长剂9型
煉金術師,72,極精煉藥,3,极精炼药
煉金術師,73,1級剛力之幻水,3,1级刚力之幻水
煉金術師,73,1級智力之幻水,3,1级智力之幻水
煉金術師,73,1級耐力之幻水,3,1级耐力之幻水
煉金術師,74,靈青魔導書,1,灵青魔导书
煉金術師,74,靈青魔導典,1,灵青魔导典
煉金術師,74,魔銀附魔墨水,1,魔银附魔墨水
煉金術師,75,植物膠,1,植物胶
煉金術師,75,名匠藥水,3,名匠药水
煉金術師,76,植物成長劑10型,1,植物成长剂10型
煉金術師,76,強泡鹼,1,强泡碱
煉金術師,77,纏尾蛟革魔導書,1,缠尾蛟革魔导书
煉金術師,77,纏尾蛟革魔導典,1,缠尾蛟革魔导典
煉金術師,77,魔匠藥水,3,魔匠药水
煉金術師,78,矮人銀魔導書,1,矮人银魔导书
煉金術師,78,矮人銀魔導典,1,矮人银魔导典
煉金術師,78,暗銀附魔墨水,1,暗银附魔墨水
煉金術師,79,耐力之幻藥,3,耐力之幻药
煉金術師,79,意力之幻藥,3,意力之幻药
煉金術師,80,剛力之幻藥,3,刚力之幻药
煉金術師,80,巧力之幻藥,3,巧力之幻药
煉金術師,80,智力之幻藥,3,智力之幻药
煉金術師,81,伽迦象革魔導書,1,伽迦象革魔导书
煉金術師,81,伽迦象革魔導典,1,伽迦象革魔导典
煉金術師,81,輝翠銀附魔墨水,1,辉翠银附魔墨水
煉金術師,82,山雞革魔導書,1,山鸡革魔导书
煉金術師,82,山雞革魔導典,1,山鸡革魔导典
煉金術師,83,5級剛力之幻水,3,5级刚力之幻水
煉金術師,83,5級耐力之幻水,3,5级耐力之幻水
煉金術師,83,5級意力之幻水,3,5级意力之幻水
煉金術師,84,賽加羚羊革魔導書,1,赛加羚羊革魔导书
煉金術師,84,賽加羚羊革魔導典,1,赛加羚羊革魔导典
煉金術師,85,名匠藥酒,3,名匠药酒
煉金術師,85,月凝膠,1,月凝胶
煉金術師,85,黃色火藥,1,黄色火药
煉金術師,86,金毗羅鱷革魔導書,1,金毗罗鳄革魔导书
煉金術師,86,金毗羅鱷革魔導典,1,金毗罗鳄革魔导典
煉金術師,87,巨匠藥酒,3,巨匠药酒
煉金術師,87,錳鋼附魔墨水,1,锰钢附魔墨水
煉金術師,88,蛇牛革魔導書,1,蛇牛革魔导书
煉金術師,88,蛇牛革魔導典,1,蛇牛革魔导典
煉金術師,89,5級耐力之幻藥,3,5级耐力之幻药
煉金術師,89,5級意力之幻藥,3,5级意力之幻药
煉金術師,89,魔匠藥酒,3,魔匠药酒
煉金術師,90,5級剛力之幻藥,3,5级刚力之幻药
煉金術師,90,5級巧力之幻藥,3,5级巧力之幻药
煉金術師,90,5級智力之幻藥,3,5级智力之幻药
煉金術師,91,植物成長劑11型,2,植物成长剂11型
煉金術師,91,銀狼革魔導書,1,银狼革魔导书
煉金術師,91,銀狼革魔導典,1,银狼革魔导典
煉金術師,92,錘頭鱷革魔導書,1,锤头鳄革魔导书
煉金術師,92,錘頭鱷革魔導典,1,锤头鳄革魔导典
煉金術師,92,木棉木圓筆,1,木棉木圆笔
煉金術師,93,剛力之寶水,6,刚力之宝水
煉金術師,93,耐力之寶水,6,耐力之宝水
煉金術師,93,意力之寶水,6,意力之宝水
煉金術師,94,重鎢墨水,2,重钨墨水
煉金術師,94,獰豹革魔導書,1,狞豹革魔导书
煉金術師,94,深紅木圓筆,1,深红木圆笔
煉金術師,95,氧化鎂磨刀石,2,氧化镁磨刀石
煉金術師,95,名匠藥液,3,名匠药液
煉金術師,95,獰豹革魔導典,1,狞豹革魔导典
煉金術師,96,巨匠藥液,3,巨匠药液
煉金術師,96,嵌齒象革魔導典,1,嵌齿象革魔导典
煉金術師,96,相思木圓筆,1,相思木圆笔
煉金術師,97,大聖水,6,大圣水
煉金術師,97,魔匠藥液,3,魔匠药液
煉金術師,97,嵌齒象革魔導書,1,嵌齿象革魔导书
煉金術師,98,卡扎納爾之書,1,卡扎纳尔之书
煉金術師,98,克拉洛胡桃木平筆,1,克拉洛胡桃木平笔
煉金術師,99,耐力之寶藥,3,耐力之宝药
煉金術師,99,意力之寶藥,3,意力之宝药
煉金術師,99,卡扎納爾之典,1,卡扎纳尔之典
煉金術師,100,剛力之寶藥,3,刚力之宝药
煉金術師,100,巧力之寶藥,3,巧力之宝药
煉金術師,100,智力之寶藥,3,智力之宝药
烹飪,1,水煮蛋,3,水煮蛋
烹飪,4,羊奶麥粥,3,羊奶麦粥
烹飪,5,煎餅,3,煎饼
烹飪,5,栗鼠肉排,3,栗鼠肉排
烹飪,5,鹽烤公主鱒,3,盐烤公主鳟
烹飪,6,柳橙汁,3,橙汁
烹飪,7,綠樹蟾蜍腿,3,绿树蟾蜍腿
烹飪,8,煎雞油菌,3,煎鸡油菌
烹飪,8,紅燜皮皮拉魚,3,红焖皮皮拉鱼
烹飪,9,水煮蝲蛄,3,水煮蝲蛄
烹飪,9,清燉羊肉,3,清炖羊肉
烹飪,10,薄荷酸奶昔,3,薄荷酸奶昔
烹飪,10,傑克南瓜燈,3,杰克南瓜灯
烹飪,11,渡渡鳥烤肉,3,渡渡鸟烤肉
烹飪,12,巧克力球,3,巧克力球
烹飪,12,巧克力珠,3,巧克力珠
烹飪,13,鼴鼠肉糕,3,鼹鼠肉糕
烹飪,13,高山蘿蔔沙拉,3,高山萝卜沙拉
烹飪,14,兔形派,3,兔形派
烹飪,15,鹽烤鯉魚,3,盐烤鲤鱼
烹飪,15,鹽漬鱈魚,3,盐渍鳕鱼
烹飪,16,貓魅風味山珍烤串,3,猫魅风味山珍烤串
烹飪,16,渡渡鳥蛋煎蛋捲,3,渡渡鸟蛋煎蛋卷
烹飪,17,小扁豆煮山栗,3,小扁豆煮山栗
烹飪,17,烤仙人掌葉,3,烤仙人掌叶
烹飪,17,石子湯,3,石子汤
烹飪,18,胡桃麵包,3,胡桃面包
烹飪,18,蘋果塔,3,苹果挞
烹飪,19,生鮮牡蠣,3,生鲜牡蛎
烹飪,20,金錢蘑炒雞肉,3,金钱蘑炒鸡肉
烹飪,20,清燉羚羊肉,3,清炖羚羊肉
烹飪,21,新薯泥,3,新薯泥
烹飪,21,葡萄汁,3,葡萄汁
烹飪,21,羚羊肉排,3,羚羊肉排
烹飪,22,梅乾,3,梅干
烹飪,22,煎菠菜,3,煎菠菜
烹飪,22,芥末蛋,3,芥末蛋
烹飪,23,牧羊人派,3,牧羊人派
烹飪,23,心形卷餅,3,心形卷饼
烹飪,23,鮭魚排,3,鲑鱼排
烹飪,24,甘菊茶,3,甘菊茶
烹飪,25,鰻魚派,3,鳗鱼派
烹飪,26,生薑餅乾,3,生姜饼干
烹飪,26,翡翠豆湯,3,翡翠豆汤
烹飪,26,山羊肉排,3,山羊肉排
烹飪,27,乳酪燴飯,3,奶酪烩饭
烹飪,27,水煮鯛魚,3,水煮鲷鱼
烹飪,27,煎跳蜥蛋,3,煎跳蜥蛋
烹飪,28,小圓餅,3,小圆饼
烹飪,28,燉鮟鱇,3,清炖鬼鮟鱇
烹飪,29,玉米粉,1,玉米粉
烹飪,30,烤黑鰨,3,烤黑鳎
烹飪,31,玉米麵包,3,玉米面包
烹飪,31,鱷梨沙拉,3,鳄梨色拉
烹飪,32,貓魅風味森鮮烤串,3,猫魅风味森鲜烤串
烹飪,32,盜龍燻肉,3,盗龙熏肉
烹飪,33,血紅奇異果塔,3,血红奇异果挞
烹飪,33,貓魅風味海產烤串,3,猫魅风味海产烤串
烹飪,34,橡果餅乾,3,橡果饼干
烹飪,34,炒跳蜥蛋,3,炒跳蜥蛋
烹飪,35,韭蔥洋蔥湯,3,盐韭洋葱汤
烹飪,36,酸泡菜,3,酸泡菜
烹飪,36,乳酪蛋奶酥,3,奶酪蛋奶酥
烹飪,37,香燴時蔬,3,香烩时蔬
烹飪,38,艾蒿烤鯉魚,3,艾蒿烤鲤鱼
烹飪,38,騎士麵包,3,骑士面包
烹飪,39,包心球薊,3,包心球蓟
烹飪,39,清燉盜龍肉,3,清炖盗龙肉
烹飪,40,蘋果汁,3,苹果汁
烹飪,40,魚糕,3,鱼糕
烹飪,40,鹽烤求雨魚,3,盐烤求雨鱼
烹飪,41,牛肉乾,3,牛肉干
烹飪,42,油炸鹽漬鱈魚丸,3,油炸盐渍鳕鱼丸
烹飪,43,白魚湯,3,白鱼汤
烹飪,44,蒜炒草菇,3,蒜炒草菇
烹飪,44,澤梅爾家風味焗菜,3,泽梅尔家风味焗菜
烹飪,45,包心甘藍,3,包心甘蓝
烹飪,45,拉諾西亞吐司,3,拉诺西亚吐司
烹飪,46,辛辣蛋,3,辛辣蛋
烹飪,47,香草茶,3,香草茶
烹飪,48,王冠蛋糕,1,王冠蛋糕
烹飪,49,草菇甘藍卷,3,草菇甘蓝卷
烹飪,50,水蜥肉排,3,水蜥肉排
烹飪,50,清燉牛肉,3,清炖牛肉
烹飪,50,五海雜燴湯,3,五海杂烩汤
烹飪,51,無花果奶凍,3,无花果奶冻
烹飪,52,起司焗洋蔥湯,3,芝士焗洋葱汤
烹飪,52,菜包肉,3,菜包肉
烹飪,53,伊修加德鬆餅,3,伊修加德松饼
烹飪,53,煎牛肝菌,3,煎牛肝菌
烹飪,54,千層長頸駝焗野菜,3,千层长颈驼焗野菜
烹飪,55,蛋黃醬,1,蛋黄酱
烹飪,56,綠寶石湯,3,绿宝石汤
烹飪,57,皇家蒸蛋,3,皇家蒸蛋
烹飪,57,千層長頸駝燉野菜,3,千层长颈驼炖野菜
烹飪,58,凍霧雞尾酒,3,冻雾鸡尾酒
烹飪,58,菌蒸皮皮拉魚,3,菌蒸皮皮拉鱼
烹飪,59,伊修加德三明治,3,伊修加德三明治
烹飪,60,鮮貝羹,3,鲜贝羹
烹飪,60,包心卡貝基,3,包心卡贝基
烹飪,61,枇杷果飲,3,枇杷果饮
烹飪,61,果仁蜜餅,3,果仁蜜饼
烹飪,62,蕎麥茶,3,荞麦茶
烹飪,62,鹽烤石楠嘉魚,3,盐烤石楠嘉鱼
烹飪,62,蕎麥糊,3,荞麦糊
烹飪,63,山芋泥蕎麥麵,3,山芋泥荞麦面
烹飪,63,烤海螺,3,烤海螺
烹飪,64,油炸蟹肉餅,3,油炸蟹肉饼
烹飪,64,豆腐味噌汁,3,豆腐味噌汁
烹飪,65,牛肉串,3,牛肉串
烹飪,65,澆汁菜蛙,3,浇汁菜蛙
烹飪,65,煮雜菜,3,煮杂菜
烹飪,66,天婦羅拼盤,3,天妇罗拼盘
烹飪,66,根菜沙拉,3,根菜沙拉
烹飪,66,暮暉牛肉湯,3,暮晖牛肉汤
烹飪,67,柿子布丁,3,柿子布丁
烹飪,67,芙蓉蟹,3,芙蓉蟹
烹飪,67,魚汁,3,鱼汁
烹飪,68,多瑪茶,3,多玛茶
烹飪,68,鬼殼燒,3,鬼壳烧
烹飪,68,燉黃尾鰤魚頭,3,炖黄尾鰤鱼头
烹飪,69,散壽司,3,散寿司
烹飪,69,長頸駱肉乾,3,长颈骆肉干
烹飪,69,味噌田樂,3,味噌田乐
烹飪,70,清蒸赤點石斑魚,3,清蒸赤点石斑鱼
烹飪,70,燉河鯛,3,炖河鲷
烹飪,70,長頸駱焗菜,3,长颈骆焗菜
烹飪,71,紫胡蘿蔔果汁,3,紫胡萝卜果汁
烹飪,72,焦糖,3,焦糖
烹飪,73,蠶豆沙拉,3,蚕豆沙拉
烹飪,73,鹽烤白金鯛魚,3,盐烤白金鲷鱼
烹飪,73,黑色醬汁直麵,3,黑色酱汁直面
烹飪,74,長棍麵包,3,长棍面包
烹飪,74,仙子蘋果派,3,仙子苹果派
烹飪,74,血番茄果汁,3,血番茄果汁
烹飪,75,堅果糕,3,坚果糕
烹飪,75,血番茄沙拉,3,血番茄沙拉
烹飪,75,煎蘑菇,3,煎蘑菇
烹飪,76,烤力山羊,3,烤力山羊
烹飪,76,蘑菇烤串,3,蘑菇烤串
烹飪,76,菌蒸巨型水虎魚,3,菌蒸巨型水虎鱼
烹飪,77,焗黃新薯,3,焗黄新薯
烹飪,77,胡椒炒新薯,3,胡椒炒新薯
烹飪,77,馬薩拉奶茶,3,马萨拉奶茶
烹飪,78,濃縮奶油咖啡,3,浓缩奶油咖啡
烹飪,78,奶油煎迷霧菠菜,3,黄油煎迷雾菠菜
烹飪,78,墨汁燉飯,3,墨汁炖饭
烹飪,79,血色五海雜燴湯,3,血色五海杂烩汤
烹飪,79,海鮮燴飯,3,海鲜烩饭
烹飪,79,咖啡餅乾,3,咖啡曲奇
烹飪,80,檸檬水,3,柠檬水
烹飪,80,香杏果凍,3,香杏果冻
烹飪,80,生吃食用蠔,3,生吃食用蚝
烹飪,81,裸麥酸湯,3,裸麦酸汤
烹飪,82,庵摩羅果沙拉,3,庵摩罗果沙拉
烹飪,82,庵摩羅果優酪奶昔,3,庵摩罗果酸奶昔
烹飪,82,貓魅風味島萃烤串,3,猫魅风味岛萃烤串
烹飪,83,炸帝王蟹餅,3,炸帝王蟹饼
烹飪,83,魚蔬清湯,3,鱼蔬清汤
烹飪,83,紅菜湯,3,红菜汤
烹飪,84,奶油紫湯,3,奶油紫汤
烹飪,84,皇帝濃湯,3,皇帝浓汤
烹飪,85,開心汁,3,开心汁
烹飪,85,胡蘿蔔絲,3,胡萝卜丝
烹飪,86,恆娑鳥肉咖哩,3,桓娑鸟肉咖喱
烹飪,86,茄子鑲恆娑鳥肉,3,茄子镶桓娑鸟肉
烹飪,86,辣味番茄燉蛋,3,辣味番茄炖蛋
烹飪,87,巨人魚子泥沙拉,3,巨人鱼子泥沙拉
烹飪,87,亞考牛慕沙卡,3,亚考牛慕沙卡
烹飪,88,賢人三明治,3,贤人三明治
烹飪,88,椰香魚羹,3,椰香鱼羹
烹飪,88,巨人新薯鬆餅,3,巨人新薯煎饼
烹飪,89,高山茶,3,高山茶
烹飪,89,高山茶餅乾,3,高山茶饼干
烹飪,90,星外洋蔥湯,3,星外洋葱汤
烹飪,90,無花果沙拉,3,无花果沙拉
烹飪,90,無花果凍糕,3,无花果冻糕
烹飪,91,燉煮羊駝肉排,3,炖煮羊驼肉排
烹飪,91,蛋包飯,3,蛋包饭
烹飪,91,醬汁蘸蝦,3,酱汁蘸虾
烹飪,92,梅斯卡香煎沼澤鬼魚肉,3,梅斯卡香煎沼泽鬼鱼肉
烹飪,92,鹽烤奧闊鱒,3,盐烤奥阔鳟
烹飪,93,高級吐司,3,高级吐司
烹飪,93,香蕉星磅蛋糕,3,香蕉星磅蛋糕
烹飪,93,照燒楓糖雞肉,3,照烧枫糖鸡肉
烹飪,94,雙油風味拌細麵,3,双油风味拌细面
烹飪,94,紙杯甜瑪芬,3,纸杯甜松糕
烹飪,95,巧克力奶油蛋糕,3,巧克力奶油蛋糕
烹飪,95,圖拉爾鳳梨蛋糕,3,图拉尔菠萝蛋糕
烹飪,96,奶油熱巧克力,3,奶油热巧克力
烹飪,96,圖拉爾水果塔,3,图拉尔水果挞
烹飪,96,圓扇刺梨蛋糕,3,圆扇刺梨蛋糕
烹飪,97,鮭魚乾,3,鲑鱼干
烹飪,97,醬炒飯,3,酱炒饭
烹飪,98,烤犎牛肉,3,烤犎牛肉
烹飪,98,蘆薈水果凍,3,芦荟水果冻
烹飪,98,鯰魚派,3,鲶鱼派
烹飪,99,犎牛牛排,3,犎牛牛排
烹飪,99,釀柿子椒,3,酿柿子椒
烹飪,100,牧豆樹豆湯,3,牧豆树豆汤
烹飪,100,羊駝奶油麵,3,羊驼奶油面
烹飪,100,花椰菜炒菠菜,3,西兰花炒菠菜
